Short name,,2G CGI,SDCCH Blocking Rate [BBH],SDCCH Drop Call Rate [BBH],TCH Blocking Rate [BBH],TCH Drop Call Rate [BBH],Handover Success Rate [BBH],RX Quality [BBH],Total Voice Traffic,Handover Success Rate_Denom [BBH],Drop Call Rate_Nom [BBH],Drop Call Rate_Denom [BBH],Number of TRX [BBH],ICM%[BBH],Cell Downtime [sec] [BBH],TCH Utilization [BBH],Handover Success Rate_Nom [BBH]
ZTE-HAR4-ANDH39A,16-Feb-23,404-96-2540-46391,0,0,0,0,85.19,93.47,13.61,27,0,27,2,0.15,0,27.41,23
,17-Feb-23,404-96-2540-46391,0,0,0,0,66.67,92.32,12.12,3,0,31,2,0.06,0,28.11,2
,18-Feb-23,404-96-2540-46391,0,0,0,0,90.91,90.51,16.04,11,0,29,2,0.21,0,26.37,10
,19-Feb-23,404-96-2540-46391,0,0,0,0,88.89,90.76,13.88,27,0,45,2,0.53,0,24.52,24
,20-Feb-23,404-96-2540-46391,0,0,0,0,96.55,90.93,13.16,29,0,31,2,0.06,0,23.74,28
ZTE-HAR4-ANDH39B,16-Feb-23,404-96-2540-46392,0,0,0,1.67,83.78,96.49,14.67,37,1,29,2,0.18,0,34.56,31
,17-Feb-23,404-96-2540-46392,0,0,0,2.82,93.33,95.19,14.73,30,0,45,2,0.22,0,23.73,28
,18-Feb-23,404-96-2540-46392,0,0,0,1.15,94.12,94.78,12.52,34,0,28,2,0.12,0,18.95,32
,19-Feb-23,404-96-2540-46392,0,0,0,1.15,95.45,95.48,12.87,44,1,61,2,0.07,0,20.41,42
,20-Feb-23,404-96-2540-46392,0,0,0,0.55,100,96.42,11.11,56,0,35,2,0.12,0,23.55,56
ZTE-HAR4-ANDH39C,16-Feb-23,404-96-2540-46393,0,0,0,0,90.91,96.99,8.57,22,0,33,2,0,0,19.19,20
,17-Feb-23,404-96-2540-46393,0,0,0,0,87.5,96.23,11.85,56,0,24,2,0,0,27.59,49
,18-Feb-23,404-96-2540-46393,0,0,0,0,94.44,94.07,18.14,18,1,23,2,0.11,0,27.69,17
,19-Feb-23,404-96-2540-46393,0,0,0,1.45,95.95,94.38,16.5,74,0,46,2,0,0,24.93,71
,20-Feb-23,404-96-2540-46393,0,0,0,1.45,100,93.7,17.28,25,0,34,2,0,0,34.36,25
ZTE-HAR4-CHAR33A,16-Feb-23,404-96-2580-58331,0,0,0,0.78,95.92,98.12,17.73,98,1,33,2,0,0,29.13,94
,17-Feb-23,404-96-2580-58331,0,0,0,1.01,96.67,97.73,17.03,150,1,26,2,0.28,0,27.45,145
,18-Feb-23,404-96-2580-58331,0,0,0,2.29,95.28,97.7,14.88,127,0,31,2,0.11,0,25.61,121
,19-Feb-23,404-96-2580-58331,0,0,0,2.29,98.33,97.04,20.66,120,0,50,2,0.06,0,28.88,118
,20-Feb-23,404-96-2580-58331,0,0,0,1.28,97.16,97.21,17.63,141,0,59,2,0,0,38.57,137
ZTE-HAR4-CHAR33B,16-Feb-23,404-96-2580-58332,0,0,0,0.29,93.75,95.79,46.7,96,0,114,2,0.16,0,94.54,90
,17-Feb-23,404-96-2580-58332,0,0,0,0,100,95.52,48.9,114,0,55,2,0,0,77.61,114
,18-Feb-23,404-96-2580-58332,0,0,0,0,98.47,96.85,44.37,131,0,150,2,0,0,88.83,129
,19-Feb-23,404-96-2580-58332,0,0,0,0,95.86,97.66,53.64,145,0,148,2,0.09,0,99.69,139
,20-Feb-23,404-96-2580-58332,0,0,0,0,97.54,96.71,49.25,122,0,105,2,0.69,0,84.15,119
ZTE-HAR4-CHAR33C,16-Feb-23,404-96-2580-58333,0,0,0,0.87,83.13,93.28,20.41,83,0,67,2,0.13,0,34,69
,17-Feb-23,404-96-2580-58333,0,0,0,0.87,70.83,93.35,16.73,72,0,69,2,0.11,0,26.31,51
,18-Feb-23,404-96-2580-58333,0,0,0,0.87,77.59,92.67,19.71,58,0,77,2,0.06,0,30.71,45
,19-Feb-23,404-96-2580-58333,0,0,0,0,76.92,94.33,16.87,39,0,102,2,0.06,0,27.93,30
,20-Feb-23,404-96-2580-58333,0,0,0,0,83.08,95.47,22.24,65,0,90,2,0.14,0,37.4,54
ZTE-HAR4-GDLI79A,16-Feb-23,404-96-2550-45791,0,0,0,0,96.55,98.77,11.95,29,1,19,2,0.05,0,23.73,28
,17-Feb-23,404-96-2550-45791,3.03,0,0,1.75,95.65,98.31,9.46,23,0,23,2,0.14,870,26.09,22
,18-Feb-23,404-96-2550-45791,0,0,0,1.75,90.48,97.74,18.02,21,1,31,2,0,0,36.59,19
,19-Feb-23,404-96-2550-45791,0,0,0,2.83,92.31,97.57,13.42,13,0,45,2,0,0,19.87,12
,20-Feb-23,404-96-2550-45791,0,0,0,1.08,100,98.67,14.33,27,0,44,2,0,0,27.95,27
ZTE-HAR4-GDLI79B,16-Feb-23,404-96-2550-45792,0,0,0,0,93.15,98.1,57,73,1,116,2,0.77,0,86.33,68
,17-Feb-23,404-96-2550-45792,0,0,0,0.29,90.41,98.31,44.47,146,1,164,2,1.1,0,140.26,132
,18-Feb-23,404-96-2550-45792,0,0,0,0.49,89.36,98.44,52.29,47,0,114,2,1.16,0,86.12,42
,19-Feb-23,404-96-2550-45792,0,0,0,0.49,84.72,98.75,50.12,72,0,127,2,0.78,0,86.95,61
,20-Feb-23,404-96-2550-45792,0,0,0,0.2,84.62,98.57,64.21,65,0,69,2,0.29,0,123.28,55
ZTE-HAR4-GDLI79C,16-Feb-23,404-96-2550-45793,0,0.39,0,2.71,87.16,98.38,59.68,109,4,156,2,0,0,152.71,95
,17-Feb-23,404-96-2550-45793,0,0,0,0.85,93.44,98.07,40.7,61,1,117,2,0,0,95.73,57
,18-Feb-23,404-96-2550-45793,0,0,0,1.14,92.31,98.14,51.3,104,0,126,2,0.07,0,95.13,96
,19-Feb-23,404-96-2550-45793,0,0,0,1.14,93.48,98.24,54.8,92,0,183,2,0.07,0,105.22,86
,20-Feb-23,404-96-2550-45793,0,0,0,0.28,94.69,98.73,74.07,113,0,146,2,0.24,0,141.77,107
ZTE-HAR4-KWPR75A,16-Feb-23,404-96-2535-53751,0,0,0,0.68,97.35,94.1,70.53,377,0,239,2,3.64,0,97.42,367
,17-Feb-23,404-96-2535-53751,0,0,0,0.68,96.84,93.76,38.21,443,0,221,2,2.83,0,115.8,429
,18-Feb-23,404-96-2535-53751,0,0,0,0.68,96.82,94.1,62.69,314,1,169,2,1.42,0,89.85,304
,19-Feb-23,404-96-2535-53751,0,0,0,0.2,95.31,94.32,71.52,341,0,168,2,2.12,0,115.23,325
,20-Feb-23,404-96-2535-53751,0,0.24,0,0.2,94.27,94.59,62.88,262,4,106,2,2.1,0,77.18,247
ZTE-HAR4-KWPR75B,16-Feb-23,404-96-2535-53752,1.61,0,0,0,89.75,96.33,61.48,244,1,136,2,0.54,0,90.15,219
,17-Feb-23,404-96-2535-53752,0,0,0,0.25,94.92,96.68,32.42,256,0,121,2,1.37,0,110.62,243
,18-Feb-23,404-96-2535-53752,0,0,0,0.25,91.63,97.18,59.67,251,1,142,2,2.13,0,85.46,230
,19-Feb-23,404-96-2535-53752,0,0.5,0,0.48,91.15,97.11,62.71,339,0,119,2,0.55,0,104.53,309
,20-Feb-23,404-96-2535-53752,0,0.24,0,0.23,94.03,97.17,60.32,268,0,115,2,1.64,0,99.72,252
ZTE-HAR4-KWPR75C,16-Feb-23,404-96-2535-53753,0,0,0,1.01,92.68,95.96,39.93,205,7,63,2,0.68,1121,119.88,190
,17-Feb-23,404-96-2535-53753,0,0,0,3.7,96.74,95.25,20.33,215,0,126,2,0.17,0,69.12,208
,18-Feb-23,404-96-2535-53753,0,0,0,3.7,95.58,95.57,44.64,249,0,150,2,1.22,0,84.56,238
,19-Feb-23,404-96-2535-53753,0,0,0,3.7,96.98,95.81,41.89,298,0,116,2,0.68,0,68.31,289
,20-Feb-23,404-96-2535-53753,0,0,0,0,91.95,96.31,42.09,174,2,90,2,1.19,0,67.5,160
ZTE-HAR4-ZALPR10A,16-Feb-23,404-96-2480-59101,0,0,0,0,74.58,97.8,40.79,59,0,179,2,0,0,75.08,44
,17-Feb-23,404-96-2480-59101,0,0.12,0,0,77.63,97.33,54.39,76,0,286,2,0,0,110.31,59
,18-Feb-23,404-96-2480-59101,0,0,0,0,87.72,97.18,50.09,57,0,257,2,0,0,89.08,50
,19-Feb-23,404-96-2480-59101,0,0.09,0,0,86.9,97.65,59.72,84,0,404,2,0,0,124.83,73
,20-Feb-23,404-96-2480-59101,0,0,0,0,79.66,97.95,55.69,59,0,193,2,0,0,100.59,47
ZTE-HAR4-ZALPR10B,16-Feb-23,404-96-2480-59102,0,0,0,0,98.11,97.48,13.49,53,0,35,2,0,0,19.35,52
,17-Feb-23,404-96-2480-59102,0,0,0,0,97.96,98.29,16.94,49,0,56,2,0,0,27.93,48
,18-Feb-23,404-96-2480-59102,0,0,0,0,98.04,98.4,19.2,51,0,44,2,0,0,29.55,50
,19-Feb-23,404-96-2480-59102,0,0,0,0,98.55,97.93,18.8,69,0,60,2,0,0,32.88,68
,20-Feb-23,404-96-2480-59102,0,0,0,0,100,97.2,22.41,47,0,53,2,0,0,38.88,47
ZTE-HAR4-ZALPR10C,16-Feb-23,404-96-2480-59103,0,0,0,0,73.33,97.45,14.82,15,0,106,2,0,0,29.08,11
,17-Feb-23,404-96-2480-59103,0,0,0,0,90.62,96.11,13.76,32,0,28,2,0,0,42.47,29
,18-Feb-23,404-96-2480-59103,0,0,0,0,90,94.69,14.17,20,0,51,2,0.07,0,23.79,18
,19-Feb-23,404-96-2480-59103,0,0,0,0,100,94.17,11.74,44,0,23,2,0,0,32.43,44
,20-Feb-23,404-96-2480-59103,0,0,0,0,100,95.38,17.48,26,0,43,2,0,0,36.24,26
ZTE-HAR4-ZBAHO92A,16-Feb-23,404-96-2535-57921,0,0,0,0,100,94.76,15.54,8,0,22,2,0.21,0,24.7,8
,17-Feb-23,404-96-2535-57921,0,1.32,0,0,100,95.37,20.19,24,0,36,2,0.12,0,38.37,24
,18-Feb-23,404-96-2535-57921,0,0,0,0,100,95.45,10.97,13,0,25,2,0,0,16.63,13
,19-Feb-23,404-96-2535-57921,0,0,0,0,95.83,95.04,21.28,24,1,41,2,0.16,0,42.66,23
,20-Feb-23,404-96-2535-57921,0,0,0,0.81,84.62,94.34,15,26,0,29,2,0.14,0,37.68,22
ZTE-HAR4-ZBAHO92B,16-Feb-23,404-96-2535-57922,0,0,0,0,66.67,97.11,18.41,9,0,53,2,0.32,0,39.22,6
,17-Feb-23,404-96-2535-57922,0,0,0,0,100,97.36,18.53,8,0,83,2,0.15,0,36.83,8
,18-Feb-23,404-96-2535-57922,0,0,0,0,100,96.34,20.46,15,0,90,2,0.08,0,58.46,15
,19-Feb-23,404-96-2535-57922,0,0,0,0,72.22,96.57,20.5,18,1,83,2,0.28,0,43.25,13
,20-Feb-23,404-96-2535-57922,0,0,0,0.4,96.88,95.87,24.33,32,0,90,2,0,0,70.26,31
ZTE-HAR4-ZBAHO92C,16-Feb-23,404-96-2535-57923,0,0.25,0,0,65.31,95.72,16.53,49,0,75,2,0.58,0,26.03,32
,17-Feb-23,404-96-2535-57923,0,0.29,0,0,52.17,96.32,22.66,69,0,65,2,0.23,0,35.83,36
,18-Feb-23,404-96-2535-57923,0,0.25,0,0,83.67,95.38,21.5,49,1,59,2,0,0,33,41
,19-Feb-23,404-96-2535-57923,0,0.44,0,0.56,80,95.83,26.51,10,0,28,2,0.39,0,41.16,8
,20-Feb-23,404-96-2535-57923,0,0,0,0.56,71.62,95.18,25.5,74,0,61,2,0.88,0,35.08,53
ZTE-HAR4-ZBARS49A,16-Feb-23,404-96-2580-21491,0,1.78,0,3.2,88.37,95.54,55.2,43,1,113,2,0,0,90.13,38
,17-Feb-23,404-96-2580-21491,0,1.21,0,3.11,92.31,96.86,59.21,39,2,97,2,0,0,87.89,36
,18-Feb-23,404-96-2580-21491,0,0.34,0,2.32,83.64,96.49,52.82,55,3,87,2,0,0,98.34,46
,19-Feb-23,404-96-2580-21491,0,1.05,0,2.13,84.09,96.53,77.26,44,1,223,2,0,0,92.53,37
,20-Feb-23,404-96-2580-21491,0,1.08,0,1.99,80.43,95.17,59.43,46,2,125,2,0,0,81.03,37
ZTE-HAR4-ZBARS49B,16-Feb-23,404-96-2580-21492,0,1.58,0,4.3,100,92.79,38.6,30,2,96,2,0,0,75.55,30
,17-Feb-23,404-96-2580-21492,0,0.53,0,2.84,92.31,93.26,30.54,26,3,106,2,0,0,58.44,24
,18-Feb-23,404-96-2580-21492,0,0.39,0,2,100,94.37,40.57,18,4,122,2,0,0,81.78,18
,19-Feb-23,404-96-2580-21492,0,0.42,0,2.73,97.14,94.78,46.87,35,3,79,2,0,0,117.73,34
,20-Feb-23,404-96-2580-21492,0,0,0,3.3,100,94.61,44.85,11,0,80,2,0,0,68.81,11
ZTE-HAR4-ZBARS49C,16-Feb-23,404-96-2580-21493,0,1.67,0,2.53,100,94.06,21.57,12,0,35,2,0,0,37,12
,17-Feb-23,404-96-2580-21493,0,1.41,0,1.01,97.3,95.29,26.15,37,2,75,2,0,0,45.41,36
,18-Feb-23,404-96-2580-21493,0,0.83,0,1.9,100,95.5,25.82,18,0,54,2,0,0,48.34,18
,19-Feb-23,404-96-2580-21493,0,1.72,0,0.89,94.87,94.86,18.6,39,3,58,2,0,0,40.27,37
,20-Feb-23,404-96-2580-21493,0,0,0,2.61,100,93.97,22.29,49,0,53,2,0,0,40.26,49
ZTE-HAR4-ZBISJ26A,16-Feb-23,404-96-2630-19261,0,1.61,0,1.19,88.89,90.92,8.78,9,0,35,2,0,0,17.84,8
,17-Feb-23,404-96-2630-19261,0,0,0,0,100,92.11,7.01,29,0,29,2,0,0,17.81,29
,18-Feb-23,404-96-2630-19261,0,1.16,0,0,100,93.59,8.02,9,0,34,2,0,0,18.25,9
,19-Feb-23,404-96-2630-19261,0,0,0,0,81.82,95.17,4.14,11,0,10,2,0,0,15.75,9
,20-Feb-23,404-96-2630-19261,0,0,0,0,100,96.25,4.15,8,1,18,2,0,0,13.24,8
ZTE-HAR4-ZBISJ26B,16-Feb-23,404-96-2630-19262,0,2.7,0,3.33,100,96.6,3.68,13,0,22,2,0,0,14.28,13
,17-Feb-23,404-96-2630-19262,0,0,0,0,100,96.81,2.63,8,0,6,2,0,0,6.7,8
,18-Feb-23,404-96-2630-19262,0,0,0,0,76.92,97.69,2.48,13,0,35,2,0,0,8.75,10
,19-Feb-23,404-96-2630-19262,0,0,0,0,100,97.77,1.6,14,0,19,2,0,0,10.36,14
,20-Feb-23,404-96-2630-19262,0,0,0,0,93.33,98.02,2.01,30,0,4,2,0,0,10.46,28
ZTE-HAR4-ZBISJ26C,16-Feb-23,404-96-2630-19263,0,0,0,1.89,95.45,98.03,14.63,44,0,69,2,0,0,26.79,42
,17-Feb-23,404-96-2630-19263,0,0,0,0.88,100,98.18,12.25,15,0,16,2,0,0,33.46,15
,18-Feb-23,404-96-2630-19263,0,0.75,0,0.88,79.31,98.71,12.27,29,0,48,2,0,0,23.17,23
,19-Feb-23,404-96-2630-19263,0,0,0,0,,98.2,4.61,0,0,1,2,0,0,17.09,0
,20-Feb-23,404-96-2630-19263,0,0,0,0,88.89,98.61,9.05,54,3,44,2,0,0,36.17,48
ZTE-HAR4-ZBLWS81A,16-Feb-23,404-96-2480-52811,0,0,0,0,96.49,97.12,17.33,57,0,49,2,0,0,37.49,55
,17-Feb-23,404-96-2480-52811,0,0,0,0,97.14,97.56,23.71,70,0,81,2,0,0,47.18,68
,18-Feb-23,404-96-2480-52811,0,0,0,0,100,98.78,31.99,31,0,48,2,0,0,64.84,31
,19-Feb-23,404-96-2480-52811,0,0,0,0,91.3,98.64,19.44,23,3,67,2,0,0,38.72,21
,20-Feb-23,404-96-2480-52811,0,0,0,1.49,95,97.91,24.15,60,0,92,2,0,0,42.09,57
ZTE-HAR4-ZBLWS81B,16-Feb-23,404-96-2480-52812,0,0,0,0.34,95.54,97.38,27.36,112,0,65,2,0,0,68.37,107
,17-Feb-23,404-96-2480-52812,0,0,0,0.34,95.45,97.42,42.31,132,0,95,2,0,0,83.73,126
,18-Feb-23,404-96-2480-52812,0,0,0,0,97.06,97.88,41.16,68,0,99,2,0,0,63.73,66
,19-Feb-23,404-96-2480-52812,0,0,0,0,97.22,97.9,40.32,108,2,98,2,0,0,61.61,105
,20-Feb-23,404-96-2480-52812,0,0,0,0.68,96.47,97.41,49.64,85,0,108,2,0,0,79.1,82
ZTE-HAR4-ZBLWS81C,16-Feb-23,404-96-2480-52813,0,0,0,1.08,91.67,94.53,13.45,12,2,67,2,0,0,32.73,11
,17-Feb-23,404-96-2480-52813,0,0,0,1,85.71,93.06,22.4,21,0,42,2,0,0,39.5,18
,18-Feb-23,404-96-2480-52813,0,0,0,1,78.57,92.04,20.62,14,0,47,2,0,0,29.77,11
,19-Feb-23,404-96-2480-52813,0,0,0,1,97.14,93.21,24.81,35,0,83,2,0,0,41.63,34
,20-Feb-23,404-96-2480-52813,0,0,0,0,90.7,94.35,20.53,43,0,58,2,0,0,29,39
ZTE-HAR4-ZBUDH91A,16-Feb-23,404-96-1680-53911,0,0,0,2.42,51.67,97.14,24.31,209,5,49,2,0.19,0,34.23,108
,17-Feb-23,404-96-1680-53911,0,0.82,0,4.3,53.24,97.45,23.94,216,1,77,2,0.42,0,51.79,115
,18-Feb-23,404-96-1680-53911,0,0,0,4.74,63.31,97.31,23.08,169,1,39,2,0.18,0,36.98,107
,19-Feb-23,404-96-1680-53911,0,0,0,4.69,52.26,96.88,23.31,310,0,42,2,0.21,0,41.91,162
,20-Feb-23,404-96-1680-53911,0,0,0,1.29,63.74,96.98,27.71,262,1,68,2,0.17,0,46.87,167
ZTE-HAR4-ZBUDH91B,16-Feb-23,404-96-1680-53912,0,0,0,0.23,97.78,96.64,27.67,90,0,102,2,0.41,0,37.43,88
,17-Feb-23,404-96-1680-53912,0,0.51,0,0.23,98.08,95.31,22.7,104,0,70,2,0.26,0,37.85,102
,18-Feb-23,404-96-1680-53912,0,0,0,0,98.84,94.02,22.43,86,0,66,2,0.47,0,46.42,85
,19-Feb-23,404-96-1680-53912,0,0.7,0,0,98.1,93.6,26.32,105,1,125,2,0.1,0,46.69,103
,20-Feb-23,404-96-1680-53912,0,0,0,0.27,98.06,94.51,26.36,103,0,99,2,0.11,0,49.79,101
ZTE-HAR4-ZBUDH91C,16-Feb-23,404-96-1680-53913,0,0.3,0,1.05,91.48,94.99,37.27,223,0,69,2,0.08,0,73.18,204
,17-Feb-23,404-96-1680-53913,0,0,0,0.41,96.43,94.51,33.82,168,0,73,2,0.19,0,66.18,162
,18-Feb-23,404-96-1680-53913,0,0,0,0,92.91,94.66,40.56,141,3,59,2,0.23,0,68.86,131
,19-Feb-23,404-96-1680-53913,0,0.31,0,1.69,95.12,95.94,36.75,246,0,101,2,0,0,70.85,234
,20-Feb-23,404-96-1680-53913,0,0,0,1.69,93.12,96.88,44.32,276,1,83,2,0,0,73.11,257
ZTE-HAR4-ZDBKR37A,16-Feb-23,404-96-2630-56371,0,0,0,0.29,97.78,97.67,42.29,90,1,180,2,0,0,122.33,88
,17-Feb-23,404-96-2630-56371,0,0,0,0.19,94.92,97.8,51.39,59,0,107,2,0,0,85.15,56
,18-Feb-23,404-96-2630-56371,0,0,0,0.19,91.23,97.47,51.07,57,0,145,2,0,0,112.26,52
,19-Feb-23,404-96-2630-56371,0,0,0,0.19,97.09,97.38,57.78,103,0,133,2,0,0,137.71,100
,20-Feb-23,404-96-2630-56371,0,0,0,0,92,97.63,54.71,50,0,179,2,0,0,118.57,46
ZTE-HAR4-ZDBKR37B,16-Feb-23,404-96-2630-56372,0,0,0,0,96.43,95.47,50.33,112,1,96,2,0,0,121.24,108
,17-Feb-23,404-96-2630-56372,0,0,0,0.35,88.76,95.88,42.46,89,0,77,2,0,0,86.72,79
,18-Feb-23,404-96-2630-56372,0,0,0,0.35,93.1,95.9,37.45,58,0,89,2,0,0,62.12,54
,19-Feb-23,404-96-2630-56372,0,0,0,0.35,94.67,96.94,45.85,75,2,87,2,0,0,84.21,71
,20-Feb-23,404-96-2630-56372,0,0,0,0.77,91.8,95.96,40.42,61,0,97,2,0,0,68.05,56
ZTE-HAR4-ZDBKR37C,16-Feb-23,404-96-2630-56373,0,0,0,0.3,94.81,94.88,79.06,77,1,173,2,0,0,107.45,73
,17-Feb-23,404-96-2630-56373,0,0,0.94,0.49,98.26,96.32,80.8,115,0,211,2,0,0,144.4,113
,18-Feb-23,404-96-2630-56373,0,0,0,0.19,92.19,96.48,71.65,64,0,137,2,0,0,109.27,59
,19-Feb-23,404-96-2630-56373,0,0.67,0,0.19,93.52,97.34,66.51,108,0,123,2,0,0,103.23,101
,20-Feb-23,404-96-2630-56373,0,0,0,0,90,96.6,77,110,2,175,2,0,0,111.15,99
ZTE-HAR4-ZDHMJ51A,16-Feb-23,404-96-1790-48511,0,0,0,0,,95.14,11.73,0,0,2,2,0.13,0,18.04,0
,17-Feb-23,404-96-1790-48511,0,0,0,0,77.78,96.95,11.63,9,0,54,2,0,0,21.9,7
,18-Feb-23,404-96-1790-48511,0,0,0,0,85.71,95.08,17.25,7,0,50,2,0.15,0,31.89,6
,19-Feb-23,404-96-1790-48511,0,0,0,0,71.43,93.92,12.21,14,1,34,2,0.13,0,19,10
,20-Feb-23,404-96-1790-48511,0,0,0,0.98,90,91.91,10.15,10,0,38,2,0,0,19.12,9
ZTE-HAR4-ZDHMJ51B,16-Feb-23,404-96-1790-48512,0,0,0,0,97.2,99.12,19.97,107,0,59,2,0,0,48.4,104
,17-Feb-23,404-96-1790-48512,0,0,0,0,100,99.09,14.41,68,0,31,2,0.05,0,29.56,68
,18-Feb-23,404-96-1790-48512,0,0,0,0,98.15,99.22,13.41,54,0,29,2,0,0,25.59,53
,19-Feb-23,404-96-1790-48512,0,0,0,0,100,99.34,15.2,44,0,48,2,0.06,0,37.66,44
,20-Feb-23,404-96-1790-48512,0,0,0,0,98.36,99.24,14.66,61,0,34,2,0.2,0,45.43,60
ZTE-HAR4-ZDHMJ51C,16-Feb-23,404-96-1790-48513,0,0,0,0,100,96.22,10.37,33,0,32,2,0.18,0,19.55,33
,17-Feb-23,404-96-1790-48513,0,0,0,0,100,94.34,11.81,15,0,31,2,0.31,0,18.62,15
,18-Feb-23,404-96-1790-48513,0,0,0,0,100,92.5,15.91,1,0,5,2,0,0,21.41,1
,19-Feb-23,404-96-1790-48513,0,0,0,0,100,93.25,14.62,20,0,42,2,0.19,0,21.59,20
,20-Feb-23,404-96-1790-48513,0,1.05,0,0,100,93.84,15.83,12,0,25,2,0.07,0,24.94,12
ZTE-HAR4-ZDULI37A,16-Feb-23,404-96-2590-11371,0,0,0,0.36,96.15,98.24,21.46,26,1,61,2,0,0,36.79,25
,17-Feb-23,404-96-2590-11371,0,0,0,0.9,96.97,98.43,23.04,33,1,72,2,0,0,38.83,32
,18-Feb-23,404-96-2590-11371,0,0.67,0,1.37,100,97.42,22.15,42,0,68,2,0,0,51.14,42
,19-Feb-23,404-96-2590-11371,0,0.64,0,1.01,95.83,96.94,24.44,24,3,57,2,0,0,46.14,23
,20-Feb-23,404-96-2590-11371,0,0,0,2.22,94.87,95.82,24.6,39,1,71,2,0,0,34.8,37
ZTE-HAR4-ZDULI37B,16-Feb-23,404-96-2590-11372,0,0.72,0,2.09,95.65,93.4,47.95,23,2,145,2,0,0,57.83,22
,17-Feb-23,404-96-2590-11372,0,1.12,0,1.82,88,96,43.58,50,1,134,2,0,0,60.38,44
,18-Feb-23,404-96-2590-11372,0,0.42,0,1.21,92,94.8,42.15,50,0,125,2,0,0,80.06,46
,19-Feb-23,404-96-2590-11372,0,1.15,0,0.71,100,93.88,40.97,17,1,116,2,0,0,69.09,17
,20-Feb-23,404-96-2590-11372,0,0.71,0,0.54,100,94.34,39.58,29,1,121,2,0,0,63.17,29
ZTE-HAR4-ZDULI37C,16-Feb-23,404-96-2590-11373,0,0,0,1.84,100,95.22,22.88,2,1,59,2,0,0,41.12,2
,17-Feb-23,404-96-2590-11373,0,2.05,0,2.4,100,95.72,30.29,7,1,62,2,0,0,44.87,7
,18-Feb-23,404-96-2590-11373,0,0.65,0,2.44,100,94.25,30.87,14,0,65,2,0,0,49.09,14
,19-Feb-23,404-96-2590-11373,0,0.7,0,1.1,100,94.99,20.04,10,1,78,2,0,0,52.25,10
,20-Feb-23,404-96-2590-11373,0,1.16,0,0.96,100,93.84,22.86,8,0,75,2,0,0,44.76,8
ZTE-HAR4-ZDULO51A,16-Feb-23,404-96-1680-46511,0,0,0,0,55.17,98.47,8.21,29,0,19,2,0.14,0,16.19,16
,17-Feb-23,404-96-1680-46511,0,0,0,0,100,98.16,7.52,18,0,22,2,0.06,0,20.04,18
,18-Feb-23,404-96-1680-46511,0,0,0,0,90.48,98.34,7.82,21,0,27,2,0,0,21.21,19
,19-Feb-23,404-96-1680-46511,0,0,0,0,92.31,96.82,9.54,13,0,26,2,0.06,0,21.9,12
,20-Feb-23,404-96-1680-46511,0,0,0,0,100,96.67,7.98,3,1,17,2,0,0,14.29,3
ZTE-HAR4-ZDULO51B,16-Feb-23,404-96-1680-46512,0,0,0,0,96.05,96.7,18.69,76,1,53,2,0,0,36.6,73
,17-Feb-23,404-96-1680-46512,0,0,0,0.63,98.59,97.35,20.17,71,1,62,2,0.15,0,33.65,70
,18-Feb-23,404-96-1680-46512,0,0.26,0,1.17,98.58,98.27,20.74,141,0,88,2,0.39,0,44.97,139
,19-Feb-23,404-96-1680-46512,0,0,0,1.17,98.11,98.55,19.23,53,0,54,2,0.23,0,29.44,52
,20-Feb-23,404-96-1680-46512,0,0,0,0.54,95.79,98.29,19.1,95,0,56,2,0,0,31.53,91
ZTE-HAR4-ZDULO51C,16-Feb-23,404-96-1680-46513,0,0.47,0,1.09,92,97.13,21.69,50,0,67,2,0.14,0,46.22,46
,17-Feb-23,404-96-1680-46513,0,0,0,0,98.78,98.58,21.13,82,0,72,2,0.36,0,41.93,81
,18-Feb-23,404-96-1680-46513,0,0,0,0,100,98.25,16.83,69,0,84,2,0.26,0,31.12,69
,19-Feb-23,404-96-1680-46513,0,0,0,0,83.33,97.48,17.57,54,0,80,2,0.17,0,45.07,45
,20-Feb-23,404-96-1680-46513,0,0,0,0,92.5,95.72,20.03,80,1,57,2,0.4,0,31.38,74
ZTE-HAR4-FZLP60A,16-Feb-23,404-96-2535-16601,0,0,0,1.49,94.35,93.16,58.11,336,4,136,3,0.32,0,57.87,317
,17-Feb-23,404-96-2535-16601,0,0,0,1.9,88.16,94.2,69.36,245,5,205,3,0,0,65.53,216
,18-Feb-23,404-96-2535-16601,0,0,0,2.26,92.31,94.83,67.8,273,5,103,3,0.14,0,66.4,252
,19-Feb-23,404-96-2535-16601,0,0,0,3.41,89.37,95.68,78.18,301,0,163,3,0.43,0,60.26,269
,20-Feb-23,404-96-2535-16601,0,0.21,0,2.43,92.73,95.77,67.4,289,1,188,3,0.15,0,52.57,268
ZTE-HAR4-FZLP60B,16-Feb-23,404-96-2535-16602,0,0.26,0,1.03,93.49,93.73,38.92,307,2,104,2,0.66,0,88.02,287
,17-Feb-23,404-96-2535-16602,0,0,0,1.67,82.83,94.36,42.41,233,5,171,2,0.47,0,89.98,193
,18-Feb-23,404-96-2535-16602,0,0,0,2.64,90.83,94.9,43.08,229,0,71,2,0.66,0,79.04,208
,19-Feb-23,404-96-2535-16602,0,0.18,0,1.62,85.57,95.3,42.56,305,4,118,2,0.52,0,82.35,261
,20-Feb-23,404-96-2535-16602,0,0,0,2.1,91.46,94.7,42.1,246,0,144,2,0.91,0,83.34,225
ZTE-HAR4-FZLP60C,16-Feb-23,404-96-2535-16603,0,0,0,0,92.42,97.12,31.82,66,0,87,3,0,0,24.51,61
,17-Feb-23,404-96-2535-16603,0,0,0,0,92.05,96.84,31.76,88,0,78,3,0.12,0,18.27,81
,18-Feb-23,404-96-2535-16603,0,0,0,0,89.23,97.27,28.93,65,0,72,3,0.08,0,22.27,58
,19-Feb-23,404-96-2535-16603,0,0.35,0,0,87.64,97.84,36.08,89,0,85,3,0,0,32.88,78
,20-Feb-23,404-96-2535-16603,0,0.46,0,0,95.89,97.79,27.25,73,0,89,3,0.1,0,18.31,70
ZTE-HAR4-GELA54A,16-Feb-23,404-96-2550-44541,0,0,0,0.37,92.54,97,28.21,67,1,82,2,0,0,49.16,62
,17-Feb-23,404-96-2550-44541,0,0,0,0.78,93.02,96.96,33.77,43,0,105,2,0,0,74.04,40
,18-Feb-23,404-96-2550-44541,0,0,0,0.78,93.94,97,26.66,33,0,68,2,0,0,42.08,31
,19-Feb-23,404-96-2550-44541,0,0,0,0.41,85.19,96.77,24.06,27,0,85,2,0,0,45.17,23
,20-Feb-23,404-96-2550-44541,0,0,0,0,91.67,96.91,29.85,36,0,99,2,0,0,52.26,33
ZTE-HAR4-GELA54B,16-Feb-23,404-96-2550-44542,0,0,0,0,100,98.07,12.12,21,0,30,2,0,0,19.54,21
,17-Feb-23,404-96-2550-44542,0,0,0,0,96.55,98.13,8.36,58,0,20,2,0,0,22.84,56
,18-Feb-23,404-96-2550-44542,0,0,0,0,96.43,98.16,9.85,28,0,16,2,0,0,23.15,27
,19-Feb-23,404-96-2550-44542,0,0,0,0,92.86,98.25,9.1,28,0,16,2,0,0,19.21,26
,20-Feb-23,404-96-2550-44542,0,0,0,0,100,98.03,9.15,23,0,20,2,0,0,20.72,23
ZTE-HAR4-GELA54C,16-Feb-23,404-96-2550-44543,0,0,0,0,85,92.88,18.84,40,0,41,2,0,0,32.91,34
,17-Feb-23,404-96-2550-44543,0,0,0,0,89.19,93.42,19.45,37,0,60,2,0,0,34.65,33
,18-Feb-23,404-96-2550-44543,0,0,0,0,86.79,91.52,23.89,53,2,66,2,0,0,41.84,46
,19-Feb-23,404-96-2550-44543,0,0,0,1.01,77.27,94.2,18.91,22,0,24,2,0,0,30.31,17
,20-Feb-23,404-96-2550-44543,0,0.33,0,1.01,88.46,94.13,19.71,26,0,63,2,0,0,38.11,23
ZTE-HAR4-GHAG31A,16-Feb-23,404-96-2540-48311,0,0,0,0,97.53,98.62,77.83,405,0,197,2,2.21,0,176.25,395
,17-Feb-23,404-96-2540-48311,0,0.15,0,0,97.15,98.59,84.69,386,4,196,2,0.74,0,171.92,375
,18-Feb-23,404-96-2540-48311,0,0,0,0.68,98.06,98.01,88.39,206,0,145,2,0.44,0,166.52,202
,19-Feb-23,404-96-2540-48311,0,0,0,0.68,96.09,98.14,90.42,256,1,149,2,0.79,0,138.76,246
,20-Feb-23,404-96-2540-48311,0,0,0,0.9,95.82,98.15,93.26,311,0,207,2,1.24,0,173.43,298
ZTE-HAR4-GHAG31B,16-Feb-23,404-96-2540-48312,0,0,0,0,93.01,96.44,62.04,186,0,202,2,0.53,0,131.96,173
,17-Feb-23,404-96-2540-48312,0,0.21,0,0,81.9,96.33,74.41,116,0,183,2,0.1,0,137.93,95
,18-Feb-23,404-96-2540-48312,0,0.18,0,0,92.27,96.2,75.61,181,0,211,2,1.08,0,171.01,167
,19-Feb-23,404-96-2540-48312,0,0,0,0,84.75,95.81,82.8,236,0,276,2,1.25,0,163.84,200
,20-Feb-23,404-96-2540-48312,0,0.13,0,0,82.89,95.43,78.09,152,2,243,2,0.75,0,166.82,126
ZTE-HAR4-GHAG31C,16-Feb-23,404-96-2540-48313,0,0,0,0.17,96.48,97.34,92.67,341,1,179,2,0,0,146.23,329
,17-Feb-23,404-96-2540-48313,0,0,0,0.19,97.56,96.57,98.89,246,2,179,2,0,0,154.53,240
,18-Feb-23,404-96-2540-48313,0,0,0,0.56,93.73,96.52,90.62,255,5,197,2,0.5,0,161.35,239
,19-Feb-23,404-96-2540-48313,0,0,0,1.4,92.74,96.63,90.97,179,0,184,2,1.02,0,127.55,166
,20-Feb-23,404-96-2540-48313,0,0,0,1.22,98.58,97.03,106.85,211,0,149,2,0.75,0,140.26,208
ZTE-HAR4-GHNA26A,16-Feb-23,404-96-2780-56261,0,0,0,0,83.02,96.02,70.54,106,0,160,2,0,0,116.07,88
,17-Feb-23,404-96-2780-56261,0,0,0,0,96,95.96,69.82,100,0,157,2,0,0,131.07,96
,18-Feb-23,404-96-2780-56261,0,0,0,0,81.31,96.38,77.04,107,2,139,2,0,0,113.91,87
,19-Feb-23,404-96-2780-56261,0,0,0,0.48,94.74,96.03,65.36,38,2,79,2,0,0,103.48,36
,20-Feb-23,404-96-2780-56261,0,0,0,1.32,95.54,97.01,64.84,112,1,190,2,0,0,114.17,107
ZTE-HAR4-GHNA26B,16-Feb-23,404-96-2780-56262,0,0,0,0,100,98.26,25.5,46,0,52,2,0,0,40.45,46
,17-Feb-23,404-96-2780-56262,0,0,0,0,100,98.09,21.77,65,0,52,2,0.18,0,54.22,65
,18-Feb-23,404-96-2780-56262,0,0,0,0,98.39,98.06,16.95,62,0,59,2,0,0,31.19,61
,19-Feb-23,404-96-2780-56262,0,0,0,0,95.35,98.79,25.88,43,0,83,2,0,0,52.23,41
,20-Feb-23,404-96-2780-56262,0,0,0,0,94.34,99,22.33,53,0,71,2,0,0,37.28,50
ZTE-HAR4-GHNA26C,16-Feb-23,404-96-2780-56263,0,0,0,0,100,97.13,33.83,38,1,63,2,0.42,0,76.94,38
,17-Feb-23,404-96-2780-56263,0,0,0,0.53,92.59,97.31,33.59,27,1,49,2,0,0,72,25
,18-Feb-23,404-96-2780-56263,0,0,0,1.21,100,97.57,31.06,68,0,50,2,0,0,67.63,68
,19-Feb-23,404-96-2780-56263,0,0,0,1.21,100,98.19,31.22,24,1,54,2,0,0,57.75,24
,20-Feb-23,404-96-2780-56263,0,0,0,1.3,95.95,97.92,29.24,74,0,71,2,0.07,0,62.85,71
ZTE-HAR4-GHNA26D,16-Feb-23,404-96-2780-56264,0,0,0,0,100,99.05,3.88,10,0,15,2,0,0,9.06,10
,17-Feb-23,404-96-2780-56264,0,0,0,0,96.3,99.11,5.78,27,0,29,2,0,0,24.73,26
,18-Feb-23,404-96-2780-56264,0,0,0,0,100,99.2,4.34,22,0,13,2,0,0,19.55,22
,19-Feb-23,404-96-2780-56264,0,0,0,0,100,99.18,4.4,6,0,15,2,0,0,11.72,6
,20-Feb-23,404-96-2780-56264,0,0,0,0,88.46,99.28,3.35,26,0,15,2,0,0,8.99,23
ZTE-HAR4-GJRD62A,16-Feb-23,404-96-2470-51621,0,0,0,0.35,95.6,92.68,33.41,91,0,77,2,0,0,51.87,87
,17-Feb-23,404-96-2470-51621,0,0.38,0,0,100,92.63,33.37,49,0,102,2,0,0,39.42,49
,18-Feb-23,404-96-2470-51621,0,0.33,0,0,97.22,92.38,34.26,72,2,83,2,0,0,49.92,70
,19-Feb-23,404-96-2470-51621,0,0,0,0.8,95.06,92.87,33.14,81,0,74,2,0,0,46.4,77
,20-Feb-23,404-96-2470-51621,0,0,0,0.8,93.43,92.49,36.99,137,2,96,2,0,0,75.86,128
ZTE-HAR4-GJRD62B,16-Feb-23,404-96-2470-51622,0,0,0,0,96.67,96.77,15.62,30,0,28,2,0,0,25.94,29
,17-Feb-23,404-96-2470-51622,0,0,0,0,92.59,97.38,16.19,54,0,57,2,0,0,31.16,50
,18-Feb-23,404-96-2470-51622,0,0,0,0,100,97.66,16.25,27,0,25,2,0,0,24.92,27
,19-Feb-23,404-96-2470-51622,0,0,0,0,96.77,97.35,15.9,31,0,48,2,0,0,25.23,30
,20-Feb-23,404-96-2470-51622,0,0,0,0,94.29,96.88,17.03,35,0,56,2,0,0,25.6,33
ZTE-HAR4-GJRD62C,16-Feb-23,404-96-2470-51623,0,0,0,1.85,95.45,98.29,4.6,44,0,17,2,0,0,9.7,42
,17-Feb-23,404-96-2470-51623,0,0,0,1.85,91.67,97.67,6.71,12,0,34,2,0,0,14.51,11
,18-Feb-23,404-96-2470-51623,0,0,0,0,90.24,98.26,6.55,82,0,31,2,0,0,13.08,74
,19-Feb-23,404-96-2470-51623,0,0,0,0,85.71,97.04,6.25,77,0,28,2,0,0,14.5,66
,20-Feb-23,404-96-2470-51623,0,0,0,0,88.7,96.89,8.44,115,1,44,2,0,0,25.52,102
ZTE-HAR4-ZHADW36A,16-Feb-23,404-96-2680-29361,0,0,0,0,97.89,98.37,22.82,95,0,61,2,0,0,39.37,93
,17-Feb-23,404-96-2680-29361,0,0,0,0,97.44,98.01,19.58,39,0,39,2,0,0,41.6,38
,18-Feb-23,404-96-2680-29361,0,0,0,0,79.37,98.43,19.54,63,0,42,2,0,0,33.69,50
,19-Feb-23,404-96-2680-29361,0,0,0,0,92.31,97.83,18.56,26,0,54,2,0,0,33.02,24
,20-Feb-23,404-96-2680-29361,0,0,0,0,97.3,98.08,19.15,37,0,38,2,0,0,37,36
ZTE-HAR4-ZHADW36B,16-Feb-23,404-96-2680-29362,0,0,0,1.01,84.06,99.3,18.64,69,0,47,2,0,0,47.8,58
,17-Feb-23,404-96-2680-29362,0,0,0,1.01,53.19,99.13,17.02,47,0,54,2,0,0,48.01,25
,18-Feb-23,404-96-2680-29362,0,0,0,1.01,56.52,98.49,18.55,46,0,42,2,0,0,36.79,26
,19-Feb-23,404-96-2680-29362,0,0,0,0,85.71,98.44,13.65,77,0,51,2,0,0,34.13,66
,20-Feb-23,404-96-2680-29362,0,0,0,0,78.05,98.32,11.2,41,0,36,2,0,0,34.99,32
ZTE-HAR4-ZHADW36C,16-Feb-23,404-96-2680-29363,0,0,0,1.01,97,99.29,25.01,100,0,30,2,0,0,45.31,97
,17-Feb-23,404-96-2680-29363,0,0,0,1.01,100,99.14,18.47,12,0,21,2,0,0,26.87,12
,18-Feb-23,404-96-2680-29363,0,0,0,1.01,93.75,99.04,23.01,32,0,59,2,0,0,38.2,30
,19-Feb-23,404-96-2680-29363,0,0,0,0,97.18,99.4,19.21,71,0,51,2,0,0,51.39,69
,20-Feb-23,404-96-2680-29363,0,0,0,0,97.39,99.45,22.28,115,0,41,2,0,0,32.85,112
ZTE-HAR4-ZHAIB67A,16-Feb-23,404-96-1670-15671,0,0,0,0.93,94.12,98.57,11.32,17,0,48,2,0,0,15.72,16
,17-Feb-23,404-96-1670-15671,0,0,0,0,87.5,98.15,9.14,16,0,36,2,0,0,17.85,14
,18-Feb-23,404-96-1670-15671,0,0,0,0,100,96.38,10.2,14,0,20,2,0,0,17.02,14
,19-Feb-23,404-96-1670-15671,0,0,0,0,92.31,97.03,9.92,26,0,63,2,0,0,25.28,24
,20-Feb-23,404-96-1670-15671,0,0,0,0,90.62,96.22,10,32,0,58,2,0,0,16.07,29
ZTE-HAR4-ZHAIB67B,16-Feb-23,404-96-1670-15672,0,0,0,0,100,97.38,6.36,6,0,9,2,0,0,13.42,6
,17-Feb-23,404-96-1670-15672,0,3.33,0,0,91.67,98.82,5.8,12,0,17,2,0,0,21.83,11
,18-Feb-23,404-96-1670-15672,0,0,0,0,100,99.1,5.95,14,0,7,2,0,0,11.36,14
,19-Feb-23,404-96-1670-15672,0,2.33,0,0,100,99.36,7.69,18,0,26,2,0,0,20.2,18
,20-Feb-23,404-96-1670-15672,0,0,0,0,84.62,98.53,7.25,13,0,18,2,0,0,15.92,11
ZTE-HAR4-ZHAIB67C,16-Feb-23,404-96-1670-15673,0,0.34,0,0.83,92.31,98.85,20.11,13,0,39,2,0,0,27.8,12
,17-Feb-23,404-96-1670-15673,0,0,0,0,66.67,97.28,17.99,27,0,50,2,0,0,47.56,18
,18-Feb-23,404-96-1670-15673,0,0,0,0,100,96.91,22.06,13,0,64,2,0,0,40.93,13
,19-Feb-23,404-96-1670-15673,0,0,0,0,100,95.44,26.69,11,0,53,2,0,0,49.88,11
,20-Feb-23,404-96-1670-15673,0,0,0,0,75,96.25,25.63,32,0,88,2,0,0,52.1,24
ZTE-HAR4-ZHASS61A,16-Feb-23,404-96-2580-21611,0,0.67,1.47,0,85.54,93.3,16.26,83,1,67,2,0,0,37.63,71
,17-Feb-23,404-96-2580-21611,0,0,0,0.5,92.63,93.48,18.05,95,0,47,2,0,0,39.33,88
,18-Feb-23,404-96-2580-21611,0,0,0,0.5,91.78,93.91,22.21,73,1,54,2,0,0,49.57,67
,19-Feb-23,404-96-2580-21611,0,0.7,0,1.11,92.31,94.93,28.33,65,0,57,2,0,0,39.13,60
,20-Feb-23,404-96-2580-21611,0,0,0,0.62,92.86,95.81,20.21,70,0,50,2,0,0,28,65
ZTE-HAR4-ZHASS61B,16-Feb-23,404-96-2580-21612,0,0,0,0,97.83,96.85,26.46,46,0,60,2,0,0,40.79,45
,17-Feb-23,404-96-2580-21612,0,0,0,0,97.37,97.83,20.04,38,1,56,2,0,0,35.03,37
,18-Feb-23,404-96-2580-21612,0,0,0,0.6,100,97.31,29.33,100,0,72,2,0,0,56.41,100
,19-Feb-23,404-96-2580-21612,0,0,0,0.6,100,97.45,23.62,42,0,59,2,0,0,43.77,42
,20-Feb-23,404-96-2580-21612,0,0,0,0.6,97.83,97.33,28.53,92,1,72,2,0,0,55.51,90
ZTE-HAR4-ZHASS61C,16-Feb-23,404-96-2580-21613,0,0,13.7,0,83.72,93.47,23.41,43,0,63,2,0,0,39.52,36
,17-Feb-23,404-96-2580-21613,0,0,0,0,100,92.39,20.58,14,0,39,2,0,0,33.46,14
,18-Feb-23,404-96-2580-21613,0,0,0,0,98.25,90.72,23.87,57,0,69,2,0,0,42.02,56
,19-Feb-23,404-96-2580-21613,0,0,0,0,96.49,91.4,27.78,57,0,56,2,0,0,39.77,55
,20-Feb-23,404-96-2580-21613,0,1.2,1.11,0,87.18,92.49,23.53,39,0,86,2,0,0,41.85,34
ZTE-HAR4-HNGL85A,16-Feb-23,404-96-2600-49851,0,0,0,2.19,91.21,96.75,25.44,91,1,48,2,0,0,35.96,83
,17-Feb-23,404-96-2600-49851,0,0,0,1.46,91.58,96.23,31.73,95,0,47,2,0,0,46.43,87
,18-Feb-23,404-96-2600-49851,0,0,0,1.04,97.75,95.63,25.52,89,0,80,2,0,0,43.01,87
,19-Feb-23,404-96-2600-49851,0,0,0,0.69,98.72,95.64,24.99,78,0,58,2,0,0,52.09,77
,20-Feb-23,404-96-2600-49851,0,0,0,0,92.71,96.64,29.27,96,0,68,2,0,0,55.08,89
ZTE-HAR4-HNGL85B,16-Feb-23,404-96-2600-49852,0,0,0,0.3,98.88,97.43,50.63,89,0,81,2,0,0,89.19,88
,17-Feb-23,404-96-2600-49852,0,0.36,0,0.3,98,97.99,42.19,100,1,123,2,0,0,86.56,98
,18-Feb-23,404-96-2600-49852,0,0,0,0.27,98.46,98.14,44.17,65,1,69,2,0,0,85.19,64
,19-Feb-23,404-96-2600-49852,0,0,0,0.75,100,97.81,50.11,86,0,196,2,0,0,98.93,86
,20-Feb-23,404-96-2600-49852,0,0,0,0.75,98.84,97.83,44.36,86,0,73,2,0,0,108.85,85
ZTE-HAR4-HNGL85C,16-Feb-23,404-96-2600-49853,0,0,0,1.11,90,93.42,11.94,20,0,19,2,0,0,31.1,18
,17-Feb-23,404-96-2600-49853,0,0,0,0,76.92,93.97,12.14,39,1,49,2,0,0,30.32,30
,18-Feb-23,404-96-2600-49853,0,0,0,0.68,85,95.74,10.61,20,0,38,2,0,0,23.49,17
,19-Feb-23,404-96-2600-49853,0,0,0,0.68,68.09,96.57,13.71,47,0,45,2,0,0,39.9,32
,20-Feb-23,404-96-2600-49853,0,0,0,0.68,42.11,96.41,14.64,19,0,22,2,0,0,25.36,8
ZTE-HAR4-ZHSNP50A,16-Feb-23,---,,,,,,,,,,,,,,,
,17-Feb-23,---,,,,,,,,,,,,,,,
,18-Feb-23,404-96-2470-52501,0,3.73,0,,86.36,,20.08,22,0,97,2,0,0,43.06,19
,19-Feb-23,404-96-2470-52501,0,6.45,0,0,85.71,96.04,32.08,7,2,54,2,0,0,46.07,6
,20-Feb-23,404-96-2470-52501,0,6.75,0,1.85,80,95.97,8.63,5,2,61,2,0,0,38.32,4
ZTE-HAR4-ZHSNP50B,16-Feb-23,---,,,,,,,,,,,,,,,
,17-Feb-23,---,,,,,,,,,,,,,,,
,18-Feb-23,404-96-2470-52502,0,0,0,,92.31,,23.31,39,0,62,2,0,0,57.56,36
,19-Feb-23,404-96-2470-52502,0,0,0,0,100,97.12,26.67,24,1,57,2,0,0,41.91,24
,20-Feb-23,404-96-2470-52502,0,1.01,0,0.88,100,97.34,7.39,7,0,35,2,0,0,35.31,7
ZTE-HAR4-ZHSNP50C,16-Feb-23,---,,,,,,,,,,,,,,,
,17-Feb-23,---,,,,,,,,,,,,,,,
,18-Feb-23,404-96-2470-52503,0,3.75,0,,97.22,,14.12,36,0,26,2,0,0,28.97,35
,19-Feb-23,404-96-2470-52503,0,1.75,0,0,100,92.29,14.53,12,1,49,2,0,0,21.88,12
,20-Feb-23,404-96-2470-52503,0,0.82,0,1.02,94.44,90.94,4.98,18,1,37,2,0,0,32.02,17
ZTE-HAR4-ZHUMA76A,16-Feb-23,404-96-2760-49761,0,0,0,1.25,92.45,94.82,46.55,159,6,151,2,0.37,0,89.82,147
,17-Feb-23,404-96-2760-49761,0,0.23,0,1.32,95.73,94.09,52.23,164,0,104,2,0.09,0,108.24,157
,18-Feb-23,404-96-2760-49761,0,0,0,1.32,96.39,93.93,54.07,194,0,140,2,0.62,0,85.48,187
,19-Feb-23,404-96-2760-49761,0,0,0,1.32,94.03,94.01,50.52,134,1,115,2,0.28,0,95.98,126
,20-Feb-23,404-96-2760-49761,0,0,0,0.29,90.79,94.44,48.39,152,2,120,2,0.26,0,82.14,138
ZTE-HAR4-ZHUMA76B,16-Feb-23,404-96-2760-49762,0,0,0,0.94,95.86,95.84,79.7,435,1,132,2,0.58,0,141.83,417
,17-Feb-23,404-96-2760-49762,0,0,0,0.65,94.48,95.76,77.59,326,1,169,2,1.11,0,110.12,308
,18-Feb-23,404-96-2760-49762,0,0.16,0,0.85,94.7,94.86,76.57,264,2,144,2,0.46,0,110.65,250
,19-Feb-23,404-96-2760-49762,0,0,0,0.91,92.98,95.22,71.86,299,5,206,2,0.25,0,130.27,278
,20-Feb-23,404-96-2760-49762,0,0.14,0,1.47,96.59,95.02,80.57,381,0,173,2,0.41,0,124.74,368
ZTE-HAR4-ZHUMA76C,16-Feb-23,404-96-2760-49763,0,0,0,0,91.14,94.94,47.93,158,0,106,2,0.09,0,60.05,144
,17-Feb-23,404-96-2760-49763,0,0.21,0,0,92.47,94,50.45,186,8,99,2,0.76,0,73.92,172
,18-Feb-23,404-96-2760-49763,0,0,0,2.69,92.7,93.68,53.22,178,0,143,2,0.51,0,72.43,165
,19-Feb-23,404-96-2760-49763,0,0.24,0,2.69,88.3,94.64,48.82,171,3,125,2,1.01,0,66.29,151
,20-Feb-23,404-96-2760-49763,0,0,0,3.49,93.62,93.74,59.8,235,0,128,2,0.17,0,86.52,220
ZTE-HAR4-ZIOCL93A,16-Feb-23,404-96-1450-49931,0,0,0,0,96.21,94.13,268.69,396,0,556,5,1.89,0,129.46,381
,17-Feb-23,404-96-1450-49931,0,0,0,0,94.47,94.92,265.75,452,0,534,5,1.17,0,124.74,427
,18-Feb-23,404-96-1450-49931,0,0,0,0,89.35,94.75,254.55,554,0,545,5,1.52,0,118.07,495
,19-Feb-23,404-96-1450-49931,0,0.05,0,0,78.09,94.46,407.1,575,0,916,5,9.72,0,176.07,449
,20-Feb-23,404-96-1450-49931,0,0,0,0,84.54,93.22,290.87,427,0,728,5,6.77,0,154.18,361
ZTE-HAR4-ZIOCL93B,16-Feb-23,404-96-1450-49932,0,0,0,0,94.65,92.36,257.01,486,0,539,4,1.85,0,182.43,460
,17-Feb-23,404-96-1450-49932,0,0,0,0,94.52,92.59,217.02,529,0,494,4,0.8,0,173.19,500
,18-Feb-23,404-96-1450-49932,0,0,0,0,92.01,93.35,238.12,513,0,603,4,0.56,0,161.83,472
,19-Feb-23,404-96-1450-49932,0,0,0,0,89.3,94.02,369.93,570,0,942,4,7.25,0,233.02,509
,20-Feb-23,404-96-1450-49932,0,0,0,0,87.01,93.31,239.49,508,0,520,4,1.68,0,192.99,442
ZTE-HAR4-ZIOCL93C,16-Feb-23,404-96-1450-49933,0,0,0,0,89.56,96.35,228.32,316,0,369,4,0.84,0,147.97,283
,17-Feb-23,404-96-1450-49933,0,0,0,0,81.67,96.35,215.34,540,0,639,4,1.62,0,137.35,441
,18-Feb-23,404-96-1450-49933,0,0,0,0,95.72,93.76,234.01,374,0,410,4,0.89,0,135.66,358
,19-Feb-23,404-96-1450-49933,0,0,0,0,82.07,93.92,283.42,357,0,664,4,4.41,0,219.15,293
,20-Feb-23,404-96-1450-49933,0,0,0,0,93.39,93.95,224.04,363,0,389,4,0.98,0,133.19,339
ZTE-HAR4-ZJAND18A,16-Feb-23,404-96-1780-31181,0,0,0,0,,92.9,4.88,0,0,8,2,0,0,12.78,0
,17-Feb-23,404-96-1780-31181,0,0,0,0,100,91.34,8.01,5,0,13,2,0,0,22.24,5
,18-Feb-23,404-96-1780-31181,0,0,0,0,,91.55,7.23,0,0,27,2,0,0,14.42,0
,19-Feb-23,404-96-1780-31181,0,0,0,0,100,89.82,6.78,1,0,16,2,0,0,16.45,1
,20-Feb-23,404-96-1780-31181,0,0,0,0,0,94.02,9.97,2,0,22,2,0,0,23.94,0
ZTE-HAR4-ZJAND18B,16-Feb-23,404-96-1780-31182,0,0,0,0,100,98.85,13.85,17,0,32,2,0,0,22.26,17
,17-Feb-23,404-96-1780-31182,0,0,0,0,100,99.56,17.76,15,0,30,2,0,0,35.22,15
,18-Feb-23,404-96-1780-31182,0,0,0,0,100,99.53,21.74,7,0,49,2,0,0,36.64,7
,19-Feb-23,404-96-1780-31182,0,0,0,0,100,99.38,27.38,54,0,80,2,0,0,48.9,54
,20-Feb-23,404-96-1780-31182,0,0,0,0,100,99.46,22.5,26,0,49,2,0,0,36.85,26
ZTE-HAR4-ZJAND18C,16-Feb-23,404-96-1780-31183,0,0,0,0.58,100,98.25,14.27,15,0,61,2,0,0,25.31,15
,17-Feb-23,404-96-1780-31183,0,0,0,0.58,100,97.02,13.2,12,0,14,2,0,0,28.36,12
,18-Feb-23,404-96-1780-31183,0,0,0,0.58,100,96.76,12.52,20,0,27,2,0,0,17.71,20
,19-Feb-23,404-96-1780-31183,0,0,0,0,100,96.67,15.75,39,0,54,2,0,0,28.11,39
,20-Feb-23,404-96-1780-31183,0,0,0,0,100,96.24,14.32,12,2,19,2,0,0,26.38,12
ZTE-HAR4-ZJHAM94A,16-Feb-23,404-96-2550-57941,0,0,0,0.41,96.88,95.65,56.32,32,0,155,2,0,0,91.68,31
,17-Feb-23,404-96-2550-57941,0,0,0,0.41,90.28,93.34,27.9,72,0,86,2,0,0,62.26,65
,18-Feb-23,404-96-2550-57941,0,0,0,0,100,94.01,41.96,45,0,42,2,0,0,54.75,45
,19-Feb-23,404-96-2550-57941,0,0,0,0,100,94.08,23.16,20,0,63,2,0,0,44.54,20
,20-Feb-23,404-96-2550-57941,0,0,0,0,92.86,96.8,28.11,56,1,62,2,0,0,45.54,52
ZTE-HAR4-ZJHAM94B,16-Feb-23,404-96-2550-57942,0,0,0,2.41,75,95.3,39.68,48,0,85,2,0,0,68.37,36
,17-Feb-23,404-96-2550-57942,0,0,0,2.01,72.41,95.01,24.69,29,1,77,2,0,0,58.75,21
,18-Feb-23,404-96-2550-57942,0,0.3,0,1.44,88.46,94.53,37.2,52,1,143,2,0.28,0,82.04,46
,19-Feb-23,404-96-2550-57942,0,0.23,0,0.67,78.57,95.31,35.18,28,1,91,2,0,0,67.05,22
,20-Feb-23,404-96-2550-57942,0,0,0,1.03,42.59,96,38.4,54,2,96,2,0,0,71.45,23
ZTE-HAR4-ZJHAM94C,16-Feb-23,404-96-2550-57943,0,0,0,0.61,96.77,98.35,36.94,31,0,41,2,0,0,56.82,30
,17-Feb-23,404-96-2550-57943,0,0,0,0.61,87.5,98.42,23.06,16,0,53,2,0,0,49.89,14
,18-Feb-23,404-96-2550-57943,0,0,0,0,91.67,98.58,30.8,48,3,63,2,0,0,82.88,44
,19-Feb-23,404-96-2550-57943,0,0,0,1.59,95.83,98.79,29.68,24,1,41,2,0,0,53.83,23
,20-Feb-23,404-96-2550-57943,0,0,0,2.4,97.92,98.97,26.83,48,0,61,2,0,0,62.57,47
ZTE-HAR4-JNGC65A,16-Feb-23,404-96-2400-45651,0,0,0,0.54,86.79,94.79,27.03,53,0,114,2,0,0,73.53,46
,17-Feb-23,404-96-2400-45651,0,0,0,0.54,88.46,94.43,24.52,52,0,97,2,0,0,48.88,46
,18-Feb-23,404-96-2400-45651,0,0,0,0.54,91.49,95.1,30.2,47,0,119,2,0,0,66.58,43
,19-Feb-23,404-96-2400-45651,0,0,0,0,94.83,95.55,27.29,58,0,91,2,0,0,47.83,55
,20-Feb-23,404-96-2400-45651,0,0,0,0,84.62,95.97,28.89,52,0,70,2,0,0,46.89,44
ZTE-HAR4-JNGC65B,16-Feb-23,404-96-2400-45652,0,0,0,1.01,93.07,96.26,19.49,101,1,52,2,0,0,47.01,94
,17-Feb-23,404-96-2400-45652,0,0.45,0,0.64,96.61,97.28,17,59,0,44,2,0,0,36.01,57
,18-Feb-23,404-96-2400-45652,0,0,0,0.64,87.76,97.65,19.77,49,1,59,2,0.08,0,33.29,43
,19-Feb-23,404-96-2400-45652,0,0,0,1.21,97.22,97.77,26.68,108,0,47,2,0.15,0,48.07,105
,20-Feb-23,404-96-2400-45652,0,0,0,0.56,90.91,97.49,23.51,88,0,61,2,0,0,40.16,80
ZTE-HAR4-JNGC65C,16-Feb-23,404-96-2400-45653,0,0.49,0,0.57,88.89,92.47,37.61,45,0,106,2,0,0,80.69,40
,17-Feb-23,404-96-2400-45653,0,0,0,0.57,93.94,93.97,38.05,66,0,101,2,0,0,69.23,62
,18-Feb-23,404-96-2400-45653,0,0,0,0.29,83.72,94.39,34.48,86,0,114,2,0,0,69.84,72
,19-Feb-23,404-96-2400-45653,0,0,0,0,88.89,94.76,45.77,72,0,136,2,0,0,81.21,64
,20-Feb-23,404-96-2400-45653,0,0,0,0,88.14,95.35,42.11,59,0,138,2,0,0,75.06,52
ZTE-HAR4-ZKHDA89A,16-Feb-23,404-96-2780-60891,0,0,0,0,99.46,97.25,47.24,185,1,136,2,0.1,0,105.76,184
,17-Feb-23,404-96-2780-60891,0,0,0,0.25,100,96.34,45.94,146,0,124,2,0.17,0,85.08,146
,18-Feb-23,404-96-2780-60891,0,0,0,0.25,95.28,96.62,45.6,106,0,111,2,0,0,67.94,101
,19-Feb-23,404-96-2780-60891,0,0,0,0.25,98.18,96.88,47.96,165,0,133,2,0.08,0,92.6,162
,20-Feb-23,404-96-2780-60891,0,0,0,0,96.39,97.26,41.16,166,1,112,2,0.07,0,74.42,160
ZTE-HAR4-ZKHDA89B,16-Feb-23,404-96-2780-60892,0,0,0,0.51,99.54,99.15,73.63,217,0,131,2,0.22,0,148.62,216
,17-Feb-23,404-96-2780-60892,0,0,0,0.51,98.18,99.28,76.66,275,1,163,2,0.34,0,130.89,270
,18-Feb-23,404-96-2780-60892,0,0,0,0.45,96.82,99.33,64.64,157,2,154,2,0.08,0,91.95,152
,19-Feb-23,404-96-2780-60892,0,0,0,0.64,100,99.13,83.93,194,0,88,2,0.09,0,136.08,194
,20-Feb-23,404-96-2780-60892,0,0,0,0.64,100,99.16,75.61,245,0,209,2,0,0,134.53,245
ZTE-HAR4-ZKHDA89C,16-Feb-23,404-96-2780-60893,0,0.12,10.71,0.48,95.19,93.29,144.32,270,0,342,2,0,0,270.64,257
,17-Feb-23,404-96-2780-60893,0,0,7.71,0.37,96.59,93.54,140.35,264,1,355,2,0,0,269.63,255
,18-Feb-23,404-96-2780-60893,0,0.12,0,0.26,96.84,93.13,149.92,348,0,363,2,0.15,0,250.94,337
,19-Feb-23,404-96-2780-60893,0,0,0.63,0.09,92.89,92.61,147,225,0,466,2,0.27,0,246.65,209
,20-Feb-23,404-96-2780-60893,0,0,10.62,0.09,96.05,92.33,158.36,228,5,453,2,0.6,0,295.77,219
ZTE-HAR4-ZKOLA36A,16-Feb-23,404-96-2780-51361,0,0,0,0,97.14,97.59,16.62,35,0,17,2,0,0,40.86,34
,17-Feb-23,404-96-2780-51361,0,0,0,0,90.91,99.65,10.94,11,0,32,2,0,0,19.28,10
,18-Feb-23,404-96-2780-51361,0,0,0,0,91.55,99.25,14.75,71,0,15,2,0,0,27.1,65
,19-Feb-23,404-96-2780-51361,0,0,0,0,87.5,99.01,12.47,32,0,17,2,0,0,25.01,28
,20-Feb-23,404-96-2780-51361,0,0,0,0,98.28,98.34,10.83,58,0,25,2,0,0,44.32,57
ZTE-HAR4-ZKOLA36B,16-Feb-23,404-96-2780-51362,0,0,0,0,100,95.71,14.68,39,4,19,2,0,0,51.66,39
,17-Feb-23,404-96-2780-51362,0,0,0,7.02,100,95.96,13.72,19,0,37,2,0,0,30.91,19
,18-Feb-23,404-96-2780-51362,0,0,0,7.02,100,97.69,20.48,62,0,21,2,0,0,45.96,62
,19-Feb-23,404-96-2780-51362,0,0,0,7.02,100,97.37,19,22,1,51,2,0,0,49.98,22
,20-Feb-23,404-96-2780-51362,0,1.08,0,0.65,100,96.7,16.91,34,0,37,2,0,0,56.01,34
ZTE-HAR4-ZKOLA36C,16-Feb-23,404-96-2780-51363,0,0,0,0,100,96.17,20.46,21,1,48,2,0,0,35.44,21
,17-Feb-23,404-96-2780-51363,0,0,0,0.69,100,96.49,19.48,6,0,68,2,0,0,40.48,6
,18-Feb-23,404-96-2780-51363,0,0.87,0,0.69,100,95.82,20.99,32,0,58,2,0,0,44.28,32
,19-Feb-23,404-96-2780-51363,0,0,0,0.69,100,94.2,23.38,27,0,37,2,0,0,51.89,27
,20-Feb-23,404-96-2780-51363,0,0,0,0,100,93.18,15.77,33,0,62,2,0,0,32.06,33
ZTE-HAR4-ZKURA08A,16-Feb-23,404-96-2680-29081,0,0,0,0,98.65,97.4,6.77,74,0,13,2,0,0,17.91,73
,17-Feb-23,404-96-2680-29081,0,0,0,0,100,96.83,8.84,64,0,11,2,0,0,16.79,64
,18-Feb-23,404-96-2680-29081,0,0,0,0,97.37,97.19,8.4,38,0,13,2,0,0,17.7,37
,19-Feb-23,404-96-2680-29081,0,0,0,0,91.89,97.97,8.49,37,0,14,2,0,0,15.1,34
,20-Feb-23,404-96-2680-29081,0,0,0,0,93.48,98.28,9.07,46,0,39,2,0,0,17.59,43
ZTE-HAR4-ZKURA08B,16-Feb-23,404-96-2680-29082,0,0,0,0,60,94.79,8.63,15,0,15,2,0,0,27.96,9
,17-Feb-23,404-96-2680-29082,0,0,0,0,100,94.63,4.82,21,0,17,2,0,0,16.89,21
,18-Feb-23,404-96-2680-29082,0,0,0,0,90.91,94.16,7.31,11,0,22,2,0,0,21,10
,19-Feb-23,404-96-2680-29082,0,0,0,0,94.12,96.27,6.11,34,0,24,2,0,0,15.41,32
,20-Feb-23,404-96-2680-29082,0,0,0,0,66.67,96.57,7.04,3,0,34,2,0,0,18.3,2
ZTE-HAR4-ZKURA08C,16-Feb-23,404-96-2680-29083,0,0,0,0,98.81,99.76,12.38,84,0,29,2,0,0,29.28,83
,17-Feb-23,404-96-2680-29083,0,0,0,0,91.84,99.54,13.29,49,0,37,2,0,0,26.67,45
,18-Feb-23,404-96-2680-29083,0,0,0,0,93.51,99.54,15.92,77,0,43,2,0,0,41.09,72
,19-Feb-23,404-96-2680-29083,0,0,0,0,95.45,99.45,22.88,110,0,43,2,0,0,56.32,105
,20-Feb-23,404-96-2680-29083,0,0,0,0,97.96,99.25,23.26,147,0,59,2,0,0,36.66,144
ZTE-HAR4-ZLHKR71A,16-Feb-23,404-96-1790-51711,0,0,0.49,0,96.81,96.38,68.73,251,0,203,2,0.72,0,134.66,243
,17-Feb-23,404-96-1790-51711,0,0,0,0,96.36,96.84,75.16,220,0,164,2,0.13,0,135.68,212
,18-Feb-23,404-96-1790-51711,0,0,0,0,93.8,96.99,77.87,242,0,178,2,0.47,0,138.08,227
,19-Feb-23,404-96-1790-51711,0,0,0,0,94.41,97.16,49.26,179,0,178,2,0,0,83.4,169
,20-Feb-23,404-96-1790-51711,0,0,0,0,97.39,96.87,74.46,153,0,198,2,0.53,0,116.54,149
ZTE-HAR4-ZLHKR71B,16-Feb-23,404-96-1790-51712,0,0,0,0,93.42,97.43,71.75,228,0,151,2,0,0,144.28,213
,17-Feb-23,404-96-1790-51712,0,0,0,0,98.91,97.43,72.68,183,0,160,2,0.28,0,171.96,181
,18-Feb-23,404-96-1790-51712,0,0,0,0,97.99,97.73,70.77,249,0,193,2,0.15,0,173.83,244
,19-Feb-23,404-96-1790-51712,0,0,0,0,98.36,97.8,49.67,61,0,96,2,0,0,125.56,60
,20-Feb-23,404-96-1790-51712,0,0,1,0,98.12,98.2,75.72,160,0,198,2,0.16,0,179.24,157
ZTE-HAR4-ZLHKR71C,16-Feb-23,404-96-1790-51713,0,0,0,0,93.55,93.91,31.71,93,0,40,2,0.49,0,54.53,87
,17-Feb-23,404-96-1790-51713,0,0,0,0,94.64,93.73,29.48,56,0,44,2,0.11,0,47.73,53
,18-Feb-23,404-96-1790-51713,0,0,0,0,96.61,93.33,30,118,1,52,2,0,0,60.45,114
,19-Feb-23,404-96-1790-51713,0,0,0,0.64,94.74,94.59,20.32,38,0,28,2,0.48,0,54.26,36
,20-Feb-23,404-96-1790-51713,0,0,0,0.64,94.37,95.25,20.82,71,0,57,2,0.38,0,40.65,67
ZTE-HAR4-ZLONA27A,16-Feb-23,404-96-2540-59271,0,0,0,1.18,92.11,91.13,33.98,76,1,112,2,0,0,66.01,70
,17-Feb-23,404-96-2540-59271,0,0.34,0,0.66,84,89.23,26.85,50,0,103,2,0,0,45.46,42
,18-Feb-23,404-96-2540-59271,0,0,0,0.3,94.23,88.13,26.79,52,0,76,2,0.42,0,46.34,49
,19-Feb-23,404-96-2540-59271,0,0,0,0.3,85.71,88.1,33.81,49,0,110,2,0,0,71.71,42
,20-Feb-23,404-96-2540-59271,0,0,0,0,88.41,89.91,20.15,69,0,78,2,0,0,41.76,61
ZTE-HAR4-ZLONA27B,16-Feb-23,404-96-2540-59272,0,0,0,0,85.19,97.51,17.2,27,0,49,2,0,0,32.82,23
,17-Feb-23,404-96-2540-59272,0,0,0,0,88.1,96.98,13.14,42,1,38,2,0,0,27.92,37
,18-Feb-23,404-96-2540-59272,0,0,0,0.88,74.36,97.33,13.57,39,0,41,2,0,0,26.87,29
,19-Feb-23,404-96-2540-59272,0,0,0,0.88,91.67,97.48,17.28,24,2,41,2,0,0,32.31,22
,20-Feb-23,404-96-2540-59272,0,0,0,2.5,84.85,97.27,13.15,33,0,30,2,0,0,32.14,28
ZTE-HAR4-ZLONA27C,16-Feb-23,404-96-2540-59273,0,0,0,0,94.12,96.87,5.25,34,0,13,2,0,0,20.6,32
,17-Feb-23,404-96-2540-59273,0,0,0,0,95.83,96.77,4.2,24,0,14,2,0,0,9.98,23
,18-Feb-23,404-96-2540-59273,0,0,0,0,83.33,97.07,4.33,6,0,10,2,0,0,10.07,5
,19-Feb-23,404-96-2540-59273,0,0,0,0,85.19,96.89,6.29,27,0,17,2,0,0,15.18,23
,20-Feb-23,404-96-2540-59273,0,0,0,0,92.31,96.27,4.2,13,1,17,2,0,0,16.97,12
ZTE-HAR4-ZMAHO22A,16-Feb-23,404-96-1450-58221,0,0,0,0.51,96.92,97.58,24.85,65,0,51,2,0.14,0,36.51,63
,17-Feb-23,404-96-1450-58221,0,0,0,0.51,96.97,97.36,27.83,99,0,67,2,0,0,42.12,96
,18-Feb-23,404-96-1450-58221,0,0,0,0.51,95.33,96.43,23.89,107,0,79,2,0.44,0,39.88,102
,19-Feb-23,404-96-1450-58221,0,0,0,0,98.23,96.19,24.6,113,0,79,2,0,0,32.59,111
,20-Feb-23,404-96-1450-58221,0,0,0,0,97.22,96.86,31.87,72,0,58,2,0.12,0,47.66,70
ZTE-HAR4-ZMAHO22B,16-Feb-23,404-96-1450-58222,0,0,0,1.26,97.85,96.56,18.52,93,0,39,2,0.15,0,26.19,91
,17-Feb-23,404-96-1450-58222,0,0,0,1.26,94.25,96.76,17.24,87,0,68,2,0.18,0,27.47,82
,18-Feb-23,404-96-1450-58222,0,0,0,1.26,93.33,96.83,21.68,75,0,50,2,0.2,0,29.62,70
,19-Feb-23,404-96-1450-58222,0,0,0,0,93.13,94.96,22.03,131,1,82,2,0.06,0,40.11,122
,20-Feb-23,404-96-1450-58222,0,0,0,0.41,95.51,94.16,27.93,178,0,106,2,0.08,0,46.31,170
ZTE-HAR4-ZMAHO22C,16-Feb-23,404-96-1450-58223,0,0,0,0,91.38,97.79,24.95,58,0,63,2,0.23,0,44.75,53
,17-Feb-23,404-96-1450-58223,0,0,0,0,100,97.66,20.98,67,0,66,2,0.06,0,42.84,67
,18-Feb-23,404-96-1450-58223,0,0.49,0,0,98.46,98.89,19.41,65,0,66,2,0.06,0,36.24,64
,19-Feb-23,404-96-1450-58223,0,0,0,0,100,97.69,19.86,99,0,45,2,0.06,0,31.8,99
,20-Feb-23,404-96-1450-58223,0,0,0,0,98.98,96.95,23.18,98,1,41,2,0.12,0,39.68,97
ZTE-HAR4-ZMALL37A,16-Feb-23,404-96-2600-22371,0,0,0,0,100,94.42,6.72,2,0,27,2,0,0,15.22,2
,17-Feb-23,404-96-2600-22371,0,0,0,0,100,96.52,7.6,16,0,60,2,0,0,15.14,16
,18-Feb-23,404-96-2600-22371,0,0,0,0,100,96.39,3.9,2,0,6,2,0,0,12.63,2
,19-Feb-23,404-96-2600-22371,0,0,0,0,,97.61,3.63,0,0,2,2,0,0,12.57,0
,20-Feb-23,404-96-2600-22371,0,0,0,0,100,97.14,2.31,14,0,13,2,0,0,9.29,14
ZTE-HAR4-ZMALL37B,16-Feb-23,404-96-2600-22372,0,0,0,3.7,100,94.46,2.95,8,0,13,2,0,0,5.47,8
,17-Feb-23,404-96-2600-22372,0,0,0,3.7,100,98.78,2.66,14,0,27,2,0,0,5.11,14
,18-Feb-23,404-96-2600-22372,0,0,0,3.7,100,99.01,2.04,1,0,8,2,0,0,4.17,1
,19-Feb-23,404-96-2600-22372,0,0,0,0,100,98.7,2.17,6,0,18,2,0,0,5.71,6
,20-Feb-23,404-96-2600-22372,0,0,0,0,100,97.89,3.24,3,0,13,2,0,0,12.38,3
ZTE-HAR4-ZMALL37C,16-Feb-23,404-96-2600-22373,0,0,0,0,50,96.38,28.06,2,1,146,2,0,0,57.42,1
,17-Feb-23,404-96-2600-22373,0,0,0,0.23,100,95.97,34.39,3,1,108,2,0,0,60.78,3
,18-Feb-23,404-96-2600-22373,0,0.32,0,0.54,100,95.41,30.38,1,0,115,2,0,0,72.51,1
,19-Feb-23,404-96-2600-22373,0,0,0,0.54,,95.65,31.95,0,0,116,2,0,0,52.32,0
,20-Feb-23,404-96-2600-22373,0,0,0,0.31,100,95.95,38.19,2,1,114,2,0,0,56.28,2
ZTE-HAR4-ZMAUJ06A,16-Feb-23,404-96-1760-22061,0,0,0,0,100,99.18,26.3,37,0,76,2,0,0,51.77,37
,17-Feb-23,404-96-1760-22061,0,0,0,0,94.12,98.95,22.84,34,1,50,2,0,0,43.25,32
,18-Feb-23,404-96-1760-22061,0,0,0,0.67,100,98.85,19.77,27,0,52,2,0,0,35.5,27
,19-Feb-23,404-96-1760-22061,0,0,0,0.67,100,98.92,23.35,38,0,69,2,0,0,59.98,38
,20-Feb-23,404-96-1760-22061,0,0,0,0.67,97.14,99.17,28.8,35,0,112,2,0,0,83.56,34
ZTE-HAR4-ZMAUJ06B,16-Feb-23,404-96-1760-22062,0,0,0,0,88.89,94.62,27.98,9,1,76,2,0,0,42.46,8
,17-Feb-23,404-96-1760-22062,0,0,0,0.44,95.24,94.85,19.01,21,1,63,2,0,0,46.86,20
,18-Feb-23,404-96-1760-22062,0,0,0,0.97,100,92.82,23.02,22,0,71,2,0,0,36.65,22
,19-Feb-23,404-96-1760-22062,0,0,0,0.97,90.91,93.53,19.09,11,0,64,2,0,0,41.53,10
,20-Feb-23,404-96-1760-22062,0,0,0,0.53,93.75,91.98,19.83,16,0,59,2,0,0,48.17,15
ZTE-HAR4-ZMAUJ06C,16-Feb-23,404-96-1760-22063,0,0,0,0,100,97.49,16.69,38,0,46,2,0,0,36.47,38
,17-Feb-23,404-96-1760-22063,0,0,0,0,97.22,98.12,17.73,36,0,41,2,0,0,33.97,35
,18-Feb-23,404-96-1760-22063,0,0,0,0,91.89,97.93,17.87,37,0,33,2,0,0,49.11,34
,19-Feb-23,404-96-1760-22063,0,0,0,0,91.18,97.42,18.14,34,0,67,2,0,0,31.57,31
,20-Feb-23,404-96-1760-22063,0,0,0,0,100,96.97,16.04,31,1,59,2,0,0,36.92,31
ZTE-HAR4-ZMAUJ39A,16-Feb-23,404-96-1760-39391,0,0,0,0.25,93.75,94.95,14.95,48,0,68,2,0.72,0,26.09,45
,17-Feb-23,404-96-1760-39391,0,0,0,0,88.89,94.73,16.91,27,0,60,2,0,0,27.57,24
,18-Feb-23,404-96-1760-39391,0,0,0,0,92,95.27,14.9,50,0,41,2,0.22,0,23.47,46
,19-Feb-23,404-96-1760-39391,0,0,0,0,100,96.07,15.07,17,0,34,2,0.07,0,26.35,17
,20-Feb-23,404-96-1760-39391,0,0,0,0,97.44,97.53,14.45,39,0,76,2,0.2,0,21.79,38
ZTE-HAR4-ZMAUJ39B,16-Feb-23,404-96-1760-39392,0,0,0,2.33,86.79,91.69,23.69,53,0,84,2,0.24,0,35.22,46
,17-Feb-23,404-96-1760-39392,0,0,0,2.33,92.19,92.77,19.18,64,0,79,2,0,0,33.51,59
,18-Feb-23,404-96-1760-39392,0,0,0,0,90.57,90.53,21.16,53,0,63,2,0.34,0,42.11,48
,19-Feb-23,404-96-1760-39392,0,0,0,0,87.76,92.04,21.5,49,0,80,2,0.66,0,34.32,43
,20-Feb-23,404-96-1760-39392,0,0,0,0,78.57,92.51,24.1,28,0,61,2,0.32,0,34.69,22
ZTE-HAR4-ZMAUJ39C,16-Feb-23,404-96-1760-39393,0,0,0,0,100,93.55,6.8,45,0,27,2,0.06,0,10.65,45
,17-Feb-23,404-96-1760-39393,0,0,0,0,97.06,96.07,5.86,34,0,13,2,0.11,0,10.98,33
,18-Feb-23,404-96-1760-39393,0,0,0,0,96.43,92.61,5.71,28,0,26,2,0,0,10.21,27
,19-Feb-23,404-96-1760-39393,0,0,0,0,94.74,90.99,5.21,19,0,16,2,0,0,9.58,18
,20-Feb-23,404-96-1760-39393,0,0,0,0,98,89.52,7.74,50,0,17,2,0,0,18.21,49
ZTE-HAR4-ZMKPR49A,16-Feb-23,404-96-2400-53491,0,0,0,0.32,69.23,96.84,53.06,26,2,161,2,0,0,98.17,18
,17-Feb-23,404-96-2400-53491,0,0,0,0.73,85,96.43,49.65,20,1,124,2,0,0,78.89,17
,18-Feb-23,404-96-2400-53491,0,0,0,1,66.67,95.53,52.41,24,0,138,2,0,0,83.73,16
,19-Feb-23,404-96-2400-53491,0,0,0,0.68,70,95.44,53.7,20,0,145,2,0,0,87.48,14
,20-Feb-23,404-96-2400-53491,0,0,0,0.27,61.11,95.14,43.46,18,0,125,2,0,0,79.84,11
ZTE-HAR4-ZMKPR49B,16-Feb-23,404-96-2400-53492,0,0,0,0,97.62,95.6,31.35,42,0,107,2,0,0,71.94,41
,17-Feb-23,404-96-2400-53492,0,0,0,0,93.75,95.74,31.41,48,2,73,2,0,0,74.69,45
,18-Feb-23,404-96-2400-53492,0,0.47,0,0.91,97.92,95.21,30.53,48,0,58,2,0,0,58.88,47
,19-Feb-23,404-96-2400-53492,0,0,0,0.91,89.8,94.48,26.95,49,0,69,2,0,0,41.84,44
,20-Feb-23,404-96-2400-53492,0,0,0,0.91,100,94.19,27.77,23,2,61,2,0,0,50.59,23
ZTE-HAR4-ZMKPR49C,16-Feb-23,404-96-2400-53493,0,0.49,0,0,94.12,95.59,31.57,51,0,80,2,0,0,67.75,48
,17-Feb-23,404-96-2400-53493,0,0,0,0,92.73,95.61,30.14,55,2,77,2,0,0,62.16,51
,18-Feb-23,404-96-2400-53493,0,0,0,0.87,96.92,95.59,25.67,65,0,65,2,0,0,57.06,63
,19-Feb-23,404-96-2400-53493,0,0,0,0.87,94.59,95.79,32.81,74,0,68,2,0,0,66.34,70
,20-Feb-23,404-96-2400-53493,0,0,0,0.87,93.55,95.01,35.61,31,2,66,2,0,0,63.35,29
ZTE-HAR4-ZMKRA03A,16-Feb-23,404-96-2760-50031,0,0,0,0.59,93.87,94.53,91.02,261,0,182,2,1.8,0,142.1,245
,17-Feb-23,404-96-2760-50031,0,0.19,0,0.59,91.58,94.48,102.84,273,2,191,2,2.32,0,173.01,250
,18-Feb-23,404-96-2760-50031,0,0,0,0.73,92.98,94.38,84.78,242,1,209,2,2.15,0,180.81,225
,19-Feb-23,404-96-2760-50031,0,0.09,0,0.51,93.75,93.92,90.34,336,0,204,2,2.7,0,150.52,315
,20-Feb-23,404-96-2760-50031,0,0.09,0,0.51,95.08,93.27,81.48,183,3,145,2,0.91,0,104.69,174
ZTE-HAR4-ZMKRA03B,16-Feb-23,404-96-2760-50032,0,0,0.68,0.87,92.72,95.02,105.12,426,5,290,2,1.15,0,182.91,395
,17-Feb-23,404-96-2760-50032,0,0,0,1.33,93.59,94.99,95.8,437,0,250,2,1.15,0,167.1,409
,18-Feb-23,404-96-2760-50032,0,0,0,0.87,91.46,95.05,93.02,445,0,221,2,0.41,0,179.23,407
,19-Feb-23,404-96-2760-50032,0,0.19,0,0.57,94.93,94.77,99.66,414,0,262,2,0.75,0,145.51,393
,20-Feb-23,404-96-2760-50032,0,0,0,0,91.86,95.42,90.47,430,1,245,2,1.5,0,154.91,395
ZTE-HAR4-ZMKRA03C,16-Feb-23,404-96-2760-50033,0,0.15,0,0.63,95.59,95.28,97.04,771,3,218,2,1.33,0,153.46,737
,17-Feb-23,404-96-2760-50033,0,0,0,1.09,93.68,95.37,87.65,917,0,253,2,1.28,0,164.17,859
,18-Feb-23,404-96-2760-50033,0,0.14,0,0.76,93.22,95.51,80.51,737,4,211,2,1.2,0,127.94,687
,19-Feb-23,404-96-2760-50033,0,0,0,1.09,96.05,95.36,85.06,887,0,248,2,2.12,0,141.99,852
,20-Feb-23,404-96-2760-50033,0,0,0,0.63,95.86,95.52,83.78,894,0,252,2,1.31,0,153.9,857
ZTE-HAR4-ZMLKA07A,16-Feb-23,404-96-2550-59071,0,0.19,0,1.07,93.65,93.38,48.41,299,1,198,2,0,0,118.72,280
,17-Feb-23,404-96-2550-59071,0,0,0,1.23,96.03,92.28,57.92,277,0,172,2,0,0,126.26,266
,18-Feb-23,404-96-2550-59071,0,0,0,0.56,93.94,92.84,67.33,231,2,145,2,0,0,110.39,217
,19-Feb-23,404-96-2550-59071,0,0,0,0.63,97.26,92.93,69.04,292,0,178,2,0.17,0,144.36,284
,20-Feb-23,404-96-2550-59071,0,0.15,0,0.46,93.99,93.58,61.34,283,1,189,2,0,0,161,266
ZTE-HAR4-ZMLKA07B,16-Feb-23,404-96-2550-59072,0,0,0,0.44,94.78,99.04,38.57,115,0,141,2,0,0,122.7,109
,17-Feb-23,404-96-2550-59072,0,0.52,0,0,93.24,98.76,46.79,74,1,117,2,0,0,144.85,69
,18-Feb-23,404-96-2550-59072,0,0,0,0.28,100,98.69,44.91,46,0,172,2,0,0,105.18,46
,19-Feb-23,404-96-2550-59072,0,0,0,0.28,91.76,98.93,57.26,85,1,146,2,0,0,118.29,78
,20-Feb-23,404-96-2550-59072,0,0,0,0.51,93.02,99.22,49.54,43,0,94,2,0,0,133.34,40
ZTE-HAR4-ZMLKA07C,16-Feb-23,404-96-2550-59073,0,0,1.57,0.69,95.27,96.89,75.36,317,0,248,2,0,0,192.05,302
,17-Feb-23,404-96-2550-59073,0,0.19,0,0.35,96.28,96.46,81.83,349,5,208,2,0,0,189.65,336
,18-Feb-23,404-96-2550-59073,0,0,0,1.15,97.24,96.33,106.09,217,1,186,2,0,0,163.47,211
,19-Feb-23,404-96-2550-59073,0,0,0,0.98,95.86,96.61,94.21,290,0,203,2,0,0,165.83,278
,20-Feb-23,404-96-2550-59073,0,0,0,0.98,98.21,97.04,81.58,335,1,210,2,0,0,166.74,329
ZTE-HAR4-ZMNSW80A,16-Feb-23,404-96-1740-53801,0,0,0,0,88.1,95.05,45.28,84,0,95,2,0.18,0,73.14,74
,17-Feb-23,404-96-1740-53801,0,0.27,0,0,87.5,94.23,45.05,56,0,214,2,0.11,0,55.77,49
,18-Feb-23,404-96-1740-53801,0,0.29,0,0,80.95,93.72,35.48,42,0,155,2,0.33,0,63.21,34
,19-Feb-23,404-96-1740-53801,0,0,0,0,89.86,92.4,42.18,69,1,93,2,0.75,0,70.19,62
,20-Feb-23,404-96-1740-53801,0,0,0,0.36,89.83,93.49,39.15,59,0,148,2,0.23,0,58.9,53
ZTE-HAR4-ZMNSW80B,16-Feb-23,404-96-1740-53802,0,0,0,0.45,98.13,93.69,60.25,107,0,130,2,0.22,0,108.43,105
,17-Feb-23,404-96-1740-53802,0,0.28,0,0.45,91.11,94.67,64.95,90,0,139,2,0.8,0,95.91,82
,18-Feb-23,404-96-1740-53802,0,0,0,0,98.95,95.12,47.83,95,0,117,2,0.13,0,105.05,94
,19-Feb-23,404-96-1740-53802,0,0,0,0,100,95.49,52.61,57,0,106,2,0,0,75.82,57
,20-Feb-23,404-96-1740-53802,0,0,0,0,97.75,94.98,47.27,89,0,124,2,0.41,0,82.16,87
ZTE-HAR4-ZMNSW80C,16-Feb-23,404-96-1740-53803,0,0,0,0.55,96.22,95.77,56.26,238,1,133,2,0.15,0,92.67,229
,17-Feb-23,404-96-1740-53803,0,0.3,0,0.65,91.16,95.87,53.32,181,0,154,2,0.34,0,83.09,165
,18-Feb-23,404-96-1740-53803,0,0.42,0,0.65,96.43,96.28,38.68,224,0,114,2,0.15,0,65.69,216
,19-Feb-23,404-96-1740-53803,0,0,0,0.25,92.5,96.5,47.06,200,1,112,2,0.23,0,72.66,185
,20-Feb-23,404-96-1740-53803,0,0,0,0.3,94.57,96.24,53.25,221,0,166,2,0.31,0,83.41,209
ZTE-HAR4-ZMTKD59A,16-Feb-23,404-96-2480-49591,0,0,0,0,98.15,94.35,18.65,54,0,68,2,0,0,36.89,53
,17-Feb-23,404-96-2480-49591,0,0,0,0,97.78,95,20.35,45,0,40,2,0,0,28.27,44
,18-Feb-23,404-96-2480-49591,0,0,0,0,98.21,98.61,19,56,0,37,2,0,0,31.2,55
,19-Feb-23,404-96-2480-49591,0,0,0,0,98.73,99.05,23.33,79,1,41,2,0,0,36.63,78
,20-Feb-23,404-96-2480-49591,0,0,0,0.81,96.3,98.44,21.72,54,0,41,2,0,0,36.94,52
ZTE-HAR4-ZMTKD59B,16-Feb-23,404-96-2480-49592,0,0,0,0.64,88.89,97.05,44.47,9,0,115,2,0,0,79.76,8
,17-Feb-23,404-96-2480-49592,0,0,0,0,100,97.13,42.98,3,0,91,2,0,0,88.13,3
,18-Feb-23,404-96-2480-49592,0,0,0,0,100,96.81,39.34,3,0,89,2,0,0,88.11,3
,19-Feb-23,404-96-2480-49592,0,0,0,0,100,97.16,38.47,4,0,86,2,0,0,73.01,4
,20-Feb-23,404-96-2480-49592,0,0,0,0,50,97.45,42.87,2,1,82,2,0,0,60.15,1
ZTE-HAR4-ZMTKD59C,16-Feb-23,404-96-2480-49593,0,0,0,0,95,98.65,71.33,60,0,114,2,0,0,135.93,57
,17-Feb-23,404-96-2480-49593,0,0,0,0,96.97,98.28,65.96,66,0,132,2,0,0,132.53,64
,18-Feb-23,404-96-2480-49593,0,0,0,0,100,98.46,67.29,56,0,179,2,0,0,102.54,56
,19-Feb-23,404-96-2480-49593,0,0,0,0,96.1,98.57,62.65,77,2,155,2,0,0,115.74,74
,20-Feb-23,404-96-2480-49593,0,0,0,0.43,98.18,98.54,73.27,55,0,161,2,0,0,142.81,54
ZTE-HAR4-ZMVNA50A,16-Feb-23,404-96-2535-48501,0,,,0.96,,96.84,0,0,0,0,2,,3600,,0
,17-Feb-23,404-96-2535-48501,0,,,0.96,,96.84,0,0,0,0,2,,3600,,0
,18-Feb-23,404-96-2535-48501,0,,,1.92,,97.45,0,0,0,0,2,,3600,,0
,19-Feb-23,404-96-2535-48501,0,,,,,,0,0,0,0,2,,3600,,0
,20-Feb-23,404-96-2535-48501,0,0,0,,97.56,,11.08,82,0,29,2,0,0,39.03,80
ZTE-HAR4-ZMVNA50B,16-Feb-23,404-96-2535-48502,0,,,0.64,,95.14,0,0,0,0,2,,3600,,0
,17-Feb-23,404-96-2535-48502,0,,,0.64,,95.14,0,0,0,0,2,,3600,,0
,18-Feb-23,404-96-2535-48502,0,,,1.28,,95.49,0,0,0,0,2,,3600,,0
,19-Feb-23,404-96-2535-48502,0,,,,,,0,0,0,0,2,,3600,,0
,20-Feb-23,404-96-2535-48502,0,0,0,,82.05,,19.6,39,0,56,2,0,0,46.34,32
ZTE-HAR4-ZMVNA50C,16-Feb-23,404-96-2535-48503,0,,,0,,94.41,0,0,0,0,2,,3600,,0
,17-Feb-23,404-96-2535-48503,0,,,0,,94.41,0,0,0,0,2,,3600,,0
,18-Feb-23,404-96-2535-48503,0,,,0,,95.09,0,0,0,0,2,,3600,,0
,19-Feb-23,404-96-2535-48503,0,,,,,,0,0,0,0,2,,3600,,0
,20-Feb-23,404-96-2535-48503,0,0,0,,95,,14.68,20,0,55,2,0,0,31.13,19
ZTE-HAR4-ZMZPR39A,16-Feb-23,404-96-1780-54391,0,0,0,0,93.33,96.9,45.39,60,5,141,2,0,330,79.57,56
,17-Feb-23,404-96-1780-54391,0,0,0,1.18,98.57,96.75,51.54,70,0,122,2,0,0,104.89,69
,18-Feb-23,404-96-1780-54391,0,0,0,1.18,98.18,97,53.36,55,0,135,2,0,0,106.21,54
,19-Feb-23,404-96-1780-54391,0,0,0,1.18,87.23,96.77,54.95,47,0,141,2,0,0,75.64,41
,20-Feb-23,404-96-1780-54391,0,0,0,0,97.14,96.41,59.21,35,0,96,2,0,0,117.98,34
ZTE-HAR4-ZMZPR39B,16-Feb-23,404-96-1780-54392,0,0,0,1.01,94.29,96.34,36.74,35,0,104,2,0.23,0,57.59,33
,17-Feb-23,404-96-1780-54392,0,0,0,1.01,100,97.48,36.69,46,1,75,2,0,0,61.15,46
,18-Feb-23,404-96-1780-54392,0,0,0,0.44,100,97.49,35.01,18,2,46,2,0,0,52.24,18
,19-Feb-23,404-96-1780-54392,0,0,0,1.89,100,97.59,34.14,44,1,76,2,0,0,62.54,44
,20-Feb-23,404-96-1780-54392,0,0,0,2.33,93.33,97.82,39.71,15,0,120,2,0,0,48.75,14
ZTE-HAR4-ZMZPR39C,16-Feb-23,404-96-1780-54393,0,0,0,0,85.29,96.83,37.4,34,0,81,2,0,0,62.83,29
,17-Feb-23,404-96-1780-54393,0,0.66,0,0,96.77,96.59,41.33,31,0,50,2,0,0,66.36,30
,18-Feb-23,404-96-1780-54393,0,0,0,0,89.19,96.6,43.25,37,0,106,2,0,0,60.92,33
,19-Feb-23,404-96-1780-54393,0,0,0,0,90.32,96.73,47.04,31,0,84,2,0,0,75.72,28
,20-Feb-23,404-96-1780-54393,0,0,0,0,97.37,97.07,43.19,38,0,114,2,0,0,59.96,37
ZTE-HAR4-ZNARA36A,16-Feb-23,404-96-1670-59361,0,0,0,0,97.3,99.51,23.2,37,0,55,2,0,0,48.97,36
,17-Feb-23,404-96-1670-59361,0,0,0,0,94.12,99.77,18.4,34,0,53,2,0,0,42.24,32
,18-Feb-23,404-96-1670-59361,0,0,0,0,94.59,99.61,20.54,37,0,44,2,0,0,39.1,35
,19-Feb-23,404-96-1670-59361,0,0,0,0,100,99.55,22.43,50,0,111,2,0,0,36.76,50
,20-Feb-23,404-96-1670-59361,0,0,0,0,100,99.18,24.96,51,0,48,2,0,0,47.06,51
ZTE-HAR4-ZNARA36B,16-Feb-23,404-96-1670-59362,0,0,0,0,100,99.49,29.25,49,0,60,2,0,0,53.89,49
,17-Feb-23,404-96-1670-59362,0,0.85,0,0,96.88,99.09,31.07,32,0,27,2,0,0,59.8,31
,18-Feb-23,404-96-1670-59362,0,0,0,0,98.33,99.12,29.86,60,0,66,2,0,0,79.89,59
,19-Feb-23,404-96-1670-59362,0,0,0,0,96.49,99,28.97,57,0,58,2,0,0,79.76,55
,20-Feb-23,404-96-1670-59362,0,0,0,0,90.79,99.11,37,76,1,62,2,0,0,96.01,69
ZTE-HAR4-ZNARA36C,16-Feb-23,404-96-1670-59363,0,0,0,0,100,99.42,18.39,26,0,47,2,0,0,30.21,26
,17-Feb-23,404-96-1670-59363,0,0,0,0,100,99.37,15.59,24,0,49,2,0,0,42.92,24
,18-Feb-23,404-96-1670-59363,0,0,0,0,98.11,99.47,14.55,53,0,40,2,0,0,23.28,52
,19-Feb-23,404-96-1670-59363,0,0,0,0,96.3,99.47,11.1,27,0,39,2,0,0,27.56,26
,20-Feb-23,404-96-1670-59363,0,0,0,0,86.08,99.56,11.94,79,0,35,2,0,0,26.81,68
ZTE-HAR4-NGNA95A,16-Feb-23,404-96-2550-58951,0,0,0,0,75.26,97.85,36.75,194,0,251,2,0.56,0,57.42,146
,17-Feb-23,404-96-2550-58951,0,0,0,0,100,97.91,31.58,27,1,131,2,0.31,0,55.53,27
,18-Feb-23,404-96-2550-58951,0,0,0,0.25,85.46,97.09,30.11,282,0,221,2,0.2,0,53.61,241
,19-Feb-23,404-96-2550-58951,0,0,0,0.25,94.79,97.12,31.14,192,0,214,2,0.2,0,59.36,182
,20-Feb-23,404-96-2550-58951,0,0,0,0.25,76.32,97.56,29.29,228,2,266,2,0.19,0,57.31,174
ZTE-HAR4-NGNA95B,16-Feb-23,404-96-2550-58952,0,0,0,0.46,93.97,95.6,11.09,116,1,74,2,0.32,0,25.33,109
,17-Feb-23,404-96-2550-58952,0,0,0,0.91,82.27,96.8,11.06,141,0,98,2,0.11,0,22.23,116
,18-Feb-23,404-96-2550-58952,0,0,0,0.91,88.79,97.39,8.79,107,1,34,2,0.38,0,21.06,95
,19-Feb-23,404-96-2550-58952,0,0,0,1.43,88.64,97.28,10.4,132,0,88,2,0.12,0,22.14,117
,20-Feb-23,404-96-2550-58952,0,0,0,0.98,81.74,97.03,10.58,219,0,136,2,0.21,0,30.25,179
ZTE-HAR4-NGNA95C,16-Feb-23,404-96-2550-58953,0,0,0,5.99,93.1,94.35,65.17,87,2,12,2,73.94,0,105.15,81
,17-Feb-23,404-96-2550-58953,0,0,0,11.35,97.03,93.98,73.29,101,3,7,2,77.79,0,103.61,98
,18-Feb-23,404-96-2550-58953,0,0,0,25.4,97.88,93.26,60.19,236,0,6,2,69.24,0,92.96,231
,19-Feb-23,404-96-2550-58953,0,0,0,19.84,95.89,93.55,61.06,146,2,8,2,72.33,0,101.4,140
,20-Feb-23,404-96-2550-58953,0,0,0,22.62,91.94,93.35,61.82,186,5,10,2,71.8,0,111.94,171
ZTE-HAR4-ZNIAT75A,16-Feb-23,404-96-2780-51751,0,0,0,1.72,90.91,92.95,20.94,22,0,92,2,0,0,35.58,20
,17-Feb-23,404-96-2780-51751,0,0,0,0,100,93.29,16.53,19,0,32,2,0,0,21.09,19
,18-Feb-23,404-96-2780-51751,0,0,0,0,100,91.99,17.2,15,0,32,2,0,0,21.96,15
,19-Feb-23,404-96-2780-51751,0,0,0,0,82.5,92.08,24.35,40,0,51,2,0,0,37.42,33
,20-Feb-23,404-96-2780-51751,0,0,0,0,92.42,92.63,25.83,66,0,104,2,0,0,56.33,61
ZTE-HAR4-ZNIAT75B,16-Feb-23,404-96-2780-51752,0,0,0,0.98,100,93.09,21.18,8,0,30,2,0,0,38.7,8
,17-Feb-23,404-96-2780-51752,0,0,0,0,100,94.46,19.81,2,0,74,2,0,0,35.24,2
,18-Feb-23,404-96-2780-51752,0,0,0,0,,93.45,25.69,0,0,43,2,0,0,33.98,0
,19-Feb-23,404-96-2780-51752,0,0.77,0,0,66.67,90.52,24.57,6,0,64,2,0,0,41.18,4
,20-Feb-23,404-96-2780-51752,0,0,0,0,94.12,89.41,26.27,17,0,42,2,0,0,49.51,16
ZTE-HAR4-ZNIAT75C,16-Feb-23,404-96-2780-51753,0,0,0,3.33,86.67,97.36,6.82,15,1,18,2,0,0,11.83,13
,17-Feb-23,404-96-2780-51753,0,0,0,5.19,100,95.58,6.75,27,0,47,2,0,0,14.32,27
,18-Feb-23,404-96-2780-51753,0,0,0,5.19,100,94.29,7.83,23,0,12,2,0,0,15.91,23
,19-Feb-23,404-96-2780-51753,0,0,0,1.85,97.5,92.86,8.34,40,2,39,2,0,0,16.95,39
,20-Feb-23,404-96-2780-51753,0,0,0,1.71,95,94.81,12.16,60,0,45,2,0,0,19.93,57
ZTE-HAR4-ZNIMA86A,16-Feb-23,404-96-2470-61861,0,0,0,0,91.67,91.62,26.05,36,0,115,2,0,0,56.1,33
,17-Feb-23,404-96-2470-61861,0,0.41,0,0,96.15,90.2,33.93,26,0,123,2,0,0,81.11,25
,18-Feb-23,404-96-2470-61861,0,0,0,0,92.31,91.42,35.38,39,1,86,2,0,0,64.38,36
,19-Feb-23,404-96-2470-61861,0,0,0,0.39,91.67,90.56,34.03,48,2,50,2,0,0,81.08,44
,20-Feb-23,404-96-2470-61861,0,0,0,1.72,95.52,93.07,36.31,67,0,68,2,0,0,68.95,64
ZTE-HAR4-ZNIMA86B,16-Feb-23,404-96-2470-61862,0,0,0,3.07,93.55,93.94,55.55,186,0,104,2,0,0,82.43,174
,17-Feb-23,404-96-2470-61862,0,0.41,0,3.07,89.93,93.58,47.93,139,0,88,2,0,0,66.28,125
,18-Feb-23,404-96-2470-61862,0,0,0,0.69,96.43,92.05,42.54,140,0,117,2,0,0,59.38,135
,19-Feb-23,404-96-2470-61862,0,0,0,0,93.57,91.55,53.16,171,1,99,2,0,0,91.85,160
,20-Feb-23,404-96-2470-61862,0,0,0,0.34,93,91.77,53.57,200,0,133,2,0,0,107.6,186
ZTE-HAR4-ZNIMA86C,16-Feb-23,404-96-2470-61863,0,0,0,0,84.21,93.66,14.28,38,1,57,2,0,0,24.71,32
,17-Feb-23,404-96-2470-61863,0,0,0,0.58,93.88,93.44,15.93,49,0,51,2,0,0,27.53,46
,18-Feb-23,404-96-2470-61863,0,0,0,0.58,96.15,93.75,14.11,52,0,27,2,0,0,20.73,50
,19-Feb-23,404-96-2470-61863,0,0,0,0.58,91.03,92.28,15.33,78,0,38,2,0.1,0,28.04,71
,20-Feb-23,404-96-2470-61863,0,0.51,0,0,85.71,91.42,16.31,56,1,54,2,0,0,31.39,48
ZTE-HAR4-ZNTPC83A,16-Feb-23,404-96-2470-51831,0,0,0,0,92.52,96.38,29.04,107,0,104,2,0.73,0,40.85,99
,17-Feb-23,404-96-2470-51831,0,0,0,0,95.33,97.84,26.01,107,0,60,2,0.29,0,39.38,102
,18-Feb-23,404-96-2470-51831,0,0,0,0,95.69,97.41,23.43,116,0,112,2,0.21,0,37.4,111
,19-Feb-23,404-96-2470-51831,0,0,0,0,96.67,97.15,19,120,0,102,2,0.36,0,34.33,116
,20-Feb-23,404-96-2470-51831,0,0,0,0,98.32,96.89,16.55,119,0,55,2,0.17,0,24.67,117
ZTE-HAR4-ZNTPC83B,16-Feb-23,404-96-2470-51832,0,0,0,0,94.16,92.7,53.05,137,1,125,2,0.45,0,89.83,129
,17-Feb-23,404-96-2470-51832,0.33,0,0,0.27,93.2,92,42.84,103,7,115,2,0.57,185,110.57,96
,18-Feb-23,404-96-2470-51832,0,0,0,2.3,92.7,91.31,52.48,137,0,84,2,0.89,0,102.42,127
,19-Feb-23,404-96-2470-51832,0,0,0,2.3,89.58,91.47,19.49,48,0,76,2,0.5,0,43.49,43
,20-Feb-23,404-96-2470-51832,0,0,0,2.03,96.61,92.48,38.73,59,0,119,2,0.33,0,77.5,57
ZTE-HAR4-ZNTPC83C,16-Feb-23,404-96-2470-51833,0,0,0,0,98.63,99.66,17.51,73,0,36,2,0.26,0,30.48,72
,17-Feb-23,404-96-2470-51833,0,0,0,0,100,99.65,18.09,20,0,34,2,0,0,28.56,20
,18-Feb-23,404-96-2470-51833,0,0,0,0,95,99.57,17.58,20,0,24,2,0,0,27.21,19
,19-Feb-23,404-96-2470-51833,0,0,0,0,97.67,99.51,15.3,43,0,85,2,0,0,44.51,42
,20-Feb-23,404-96-2470-51833,0,0,0,0,98.51,99.58,17.59,67,0,16,2,0,0,31.81,66
ZTE-HAR4-ZPADL66A,16-Feb-23,404-96-2630-64661,0,0,0,5.22,92.31,92.43,1.25,13,1,12,2,0,0,2.99,12
,17-Feb-23,404-96-2630-64661,0,0.09,0,6.48,100,89.52,0.92,3,0,5,2,0,0,2.54,3
,18-Feb-23,404-96-2630-64661,0,0,0,6.48,100,85.28,0.37,3,0,5,2,0,0,1.69,3
,19-Feb-23,404-96-2630-64661,0,0,0,2.78,100,90.27,0.45,18,0,6,2,0,0,2.34,18
,20-Feb-23,404-96-2630-64661,0,0,0,0,100,93.7,0.52,10,0,10,2,0,0,1.31,10
ZTE-HAR4-ZPADL66B,16-Feb-23,404-96-2630-64662,0,0,0,0.8,94.12,96.04,2,17,0,4,2,0,0,4.07,16
,17-Feb-23,404-96-2630-64662,0,0,0,0,100,96.89,1.54,2,0,7,2,0.07,0,4.97,2
,18-Feb-23,404-96-2630-64662,0,0,0,0,100,97.31,0.47,8,0,2,2,0,698,1.81,8
,19-Feb-23,404-96-2630-64662,0,0,0,0,,98.75,0.26,0,0,2,2,0,0,2.53,0
,20-Feb-23,404-96-2630-64662,0,0,0,0,100,99.07,0.5,2,0,14,2,0,0,3.54,2
ZTE-HAR4-ZPADL66C,16-Feb-23,404-96-2630-64663,0,0,0,0.21,100,97.89,2.08,12,0,12,2,0,0,5.41,12
,17-Feb-23,404-96-2630-64663,0,0,0,0,100,99.53,2.29,2,0,4,2,0,0,6.36,2
,18-Feb-23,404-96-2630-64663,0,0,0,0,100,99.51,1.72,13,0,6,2,0,707,9.25,13
,19-Feb-23,404-96-2630-64663,0,0,0,0,100,99.56,0.97,20,0,14,2,0,0,4.42,20
,20-Feb-23,404-96-2630-64663,0,0,0,0,100,99.28,1.32,7,0,9,2,0,0,5.62,7
ZTE-HAR4-ZRAJP63A,16-Feb-23,404-96-1670-24631,0,0,0,1.3,95.74,93.86,19.47,47,1,71,2,0,0,36.79,45
,17-Feb-23,404-96-1670-24631,0,0,0,1.23,100,94.76,16.4,12,0,30,2,0,0,23.38,12
,18-Feb-23,404-96-1670-24631,0,0,0,0.47,96.36,95.32,22.31,55,0,51,2,0,0,29.45,53
,19-Feb-23,404-96-1670-24631,0,0,0,0.47,100,95.36,15.38,20,0,42,2,0,0,27.64,20
,20-Feb-23,404-96-1670-24631,0,0,0,0,77.5,95.76,20.93,40,0,72,2,0,0,50.54,31
ZTE-HAR4-ZRAJP63B,16-Feb-23,404-96-1670-24632,0,0,0,0,100,97.83,23.39,10,0,35,2,0,0,36.6,10
,17-Feb-23,404-96-1670-24632,0,0,0,0,96.3,94.31,22.65,27,0,91,2,0,0,36.63,26
,18-Feb-23,404-96-1670-24632,0,0,0,0,90.74,94.58,29.35,54,0,60,2,0,0,46.74,49
,19-Feb-23,404-96-1670-24632,0,0,0,0,96.88,94.1,28.37,32,0,54,2,0,0,50.32,31
,20-Feb-23,404-96-1670-24632,0,0,0,0,100,96.9,26.68,39,0,31,2,0,0,52.66,39
ZTE-HAR4-ZRAJP63C,16-Feb-23,404-96-1670-24633,0,0,0,0,95,95.7,24.06,20,0,35,2,0,0,29.15,19
,17-Feb-23,404-96-1670-24633,0,0,0,0,100,96.12,23.69,10,0,32,2,0,0,38.25,10
,18-Feb-23,404-96-1670-24633,0,0,0,0,93.75,97.42,27.87,16,0,73,2,0,0,38.49,15
,19-Feb-23,404-96-1670-24633,0,0,0,0,100,96.65,25.82,25,0,66,2,0,0,30.71,25
,20-Feb-23,404-96-1670-24633,0,0,0,0,100,95.08,19.8,9,0,39,2,0,0,46.19,9
ZTE-HAR4-ZRAMP44A,16-Feb-23,404-96-2600-19441,0,0,0,1.04,87.5,94.89,47.76,160,5,178,2,0,0,85.57,140
,17-Feb-23,404-96-2600-19441,0,0,0,1.63,90.82,94.53,37.35,98,1,98,2,0,0,57.46,89
,18-Feb-23,404-96-2600-19441,0,0,0,1.97,95.58,93.93,38,113,1,88,2,0,0,47.66,108
,19-Feb-23,404-96-2600-19441,0,0,0,1.66,96.15,93.45,48.87,78,0,82,2,0,0,64.37,75
,20-Feb-23,404-96-2600-19441,0,0,0,0.72,95.96,94.03,45.77,99,0,115,2,0,0,82.44,95
ZTE-HAR4-ZRAMP44B,16-Feb-23,404-96-2600-19442,0,0,0,0.43,94.05,96.9,28.26,84,0,137,2,0,0,49.95,79
,17-Feb-23,404-96-2600-19442,0,0,0,0.43,95.7,96.48,24.18,93,0,121,2,0,0,45.68,89
,18-Feb-23,404-96-2600-19442,0,0,0,0.43,100,96.64,21.11,24,0,29,2,0,0,31.24,24
,19-Feb-23,404-96-2600-19442,0,0,0,0,96.49,96.64,22.77,57,0,67,2,0,0,40.98,55
,20-Feb-23,404-96-2600-19442,0,0,0,0,97.53,96.95,20.13,81,0,63,2,0.08,0,37.13,79
ZTE-HAR4-ZRAMP44C,16-Feb-23,404-96-2600-19443,0,0,0,0,93.18,97.2,66.79,132,0,211,2,0,0,102.47,123
,17-Feb-23,404-96-2600-19443,0,0.11,0,0,92.25,96.89,69.18,129,0,212,2,0,0,136.67,119
,18-Feb-23,404-96-2600-19443,0,0,0,0,87.13,96.11,66.47,101,1,187,2,0,0,121.14,88
,19-Feb-23,404-96-2600-19443,0,0,0,0.18,94.78,96.25,70.8,134,0,169,2,0,0,111.35,127
,20-Feb-23,404-96-2600-19443,0,0.13,0,0.18,97.98,96.84,67.51,99,1,192,2,0,0,108.61,97
ZTE-HAR4-ZSAIN73A,16-Feb-23,404-96-1780-60731,0,0,0,0.31,96.26,97.51,61.05,107,0,136,2,0,0,106.82,103
,17-Feb-23,404-96-1780-60731,0,0.36,0,0.31,93.33,96.95,55.87,120,0,167,2,0,0,104.83,112
,18-Feb-23,404-96-1780-60731,0,0,0,0,92.86,96.24,73.95,126,0,135,2,0,0,92.35,117
,19-Feb-23,404-96-1780-60731,0,0,0,0,91.38,96.16,57.01,116,0,162,2,0,0,78.52,106
,20-Feb-23,404-96-1780-60731,0,0,0,0,90.44,96.58,53.74,136,0,116,2,0,0,83.46,123
ZTE-HAR4-ZSAIN73B,16-Feb-23,404-96-1780-60732,0,0,0,0,94.44,97.86,22.37,18,0,42,2,0,0,44.7,17
,17-Feb-23,404-96-1780-60732,0,0,0,0,97.14,97.31,24.66,35,0,58,2,0,0,36.15,34
,18-Feb-23,404-96-1780-60732,0,0,0,0,89.09,98.17,32.55,55,1,72,2,0,0,49.39,49
,19-Feb-23,404-96-1780-60732,0,0,0,0.46,92.59,98.08,32.21,27,0,79,2,0,0,51.87,25
,20-Feb-23,404-96-1780-60732,0,0,0,0.46,100,98.24,20.66,43,0,61,2,0,0,37.48,43
ZTE-HAR4-ZSAIN73C,16-Feb-23,404-96-1780-60733,0,0,0,1.15,100,94.02,14.58,39,0,56,2,0,0,25.54,39
,17-Feb-23,404-96-1780-60733,0,0,0,0,97.78,94.77,16.37,45,0,74,2,0,0,32.93,44
,18-Feb-23,404-96-1780-60733,0,0,2.08,0,93.55,94.15,23.17,31,0,36,2,0,0,41.52,29
,19-Feb-23,404-96-1780-60733,0,0.27,5.38,0,89.36,95.01,15.56,47,0,121,2,0,0,35.94,42
,20-Feb-23,404-96-1780-60733,0,0,0,0,87.5,91.72,18.28,24,1,65,2,0,0,29.95,21
ZTE-HAR4-ZSARO23A,16-Feb-23,404-96-2470-60231,0,0,0,0,100,96.27,1.52,9,0,4,2,0,0,5.68,9
,17-Feb-23,404-96-2470-60231,0,0,0,0,100,97.07,1.15,1,0,4,2,0,0,3.61,1
,18-Feb-23,404-96-2470-60231,0,0,0,0,100,98.93,1.51,4,0,2,2,0,0,7.33,4
,19-Feb-23,404-96-2470-60231,0,0,0,0,100,94.71,1.34,7,0,5,2,0,0,4.93,7
,20-Feb-23,404-96-2470-60231,0,0,0,0,100,94.75,1.65,1,0,2,2,0,0,6.57,1
ZTE-HAR4-ZSARO23B,16-Feb-23,404-96-2470-60232,0,0,0,0,50,99.44,1.07,2,0,6,2,0,0,3.93,1
,17-Feb-23,404-96-2470-60232,0,0,0,0,100,99.04,2.45,19,0,9,2,0,0,10.87,19
,18-Feb-23,404-96-2470-60232,0,0,0,0,100,99.03,0.94,5,0,4,2,0,0,4.58,5
,19-Feb-23,404-96-2470-60232,0,0,0,0,100,99.41,1.91,10,0,8,2,0,0,10.84,10
,20-Feb-23,404-96-2470-60232,0,0,0,0,100,99.86,1.32,1,0,4,2,0,0,4.84,1
ZTE-HAR4-ZSARO23C,16-Feb-23,404-96-2470-60233,0,0,0,0,100,99.14,10.99,8,0,36,2,0,0,20.52,8
,17-Feb-23,404-96-2470-60233,0,0,0,0,100,99.63,16.42,9,0,20,2,0,0,27.98,9
,18-Feb-23,404-96-2470-60233,0,0,0,0,100,99,10.57,5,0,35,2,0,0,21.85,5
,19-Feb-23,404-96-2470-60233,0,0,0,0,100,98.59,12.86,10,0,42,2,0,0,20.48,10
,20-Feb-23,404-96-2470-60233,0,0,0,0,60,98.62,13.14,5,0,33,2,0,0,19.5,3
ZTE-HAR4-SGKH64A,16-Feb-23,404-96-1670-46641,0,0,0,0,97.5,98.28,44.06,120,1,98,2,0.29,0,82.6,117
,17-Feb-23,404-96-1670-46641,0,0,0,0.34,90.91,97.87,30.72,55,1,46,2,0,0,52.09,50
,18-Feb-23,404-96-1670-46641,0,0,0,1.06,94.87,98.47,33.22,78,1,81,2,0.13,0,75.71,74
,19-Feb-23,404-96-1670-46641,0,0,0,1.48,94.64,97.5,27.42,112,0,82,2,0.41,0,53.27,106
,20-Feb-23,404-96-1670-46641,0,0,0,1.14,91.75,97.53,32.67,97,1,61,2,0.2,0,57.1,89
ZTE-HAR4-SGKH64B,16-Feb-23,404-96-1670-46642,0,0,0,0,97.75,97.54,30.26,89,0,87,2,0.12,0,60.59,87
,17-Feb-23,404-96-1670-46642,0,0.37,0,0,98.99,97.52,29.29,99,0,77,2,0,0,73.32,98
,18-Feb-23,404-96-1670-46642,0,0,0,0,98.94,97.5,35.87,94,0,118,2,0.11,0,72.21,93
,19-Feb-23,404-96-1670-46642,0,0.38,0,0,100,97.33,26.11,127,0,79,2,0.25,0,56.73,127
,20-Feb-23,404-96-1670-46642,0,0,0,0,98.11,97.66,31.79,53,1,83,2,0.32,0,52.57,52
ZTE-HAR4-SGKH64C,16-Feb-23,404-96-1670-46643,0,0,0,0,92.86,94.44,33.75,14,0,41,2,0.27,0,63.13,13
,17-Feb-23,404-96-1670-46643,0,0,0,0,81.48,96.26,22.95,27,0,34,2,0.19,0,47.28,22
,18-Feb-23,404-96-1670-46643,0,0,0,0,96.3,95.7,19.12,27,0,80,2,0.85,0,41.82,26
,19-Feb-23,404-96-1670-46643,0,0,0,0,100,95.8,22.66,46,2,56,2,0.2,0,51.95,46
,20-Feb-23,404-96-1670-46643,0,0,0,1.19,100,94.87,20.18,18,0,52,2,0.26,0,40.94,18
ZTE-HAR4-ZSHNT78A,16-Feb-23,404-96-3080-33781,0,0.6,0,3.56,70.59,97.1,19.87,17,1,78,2,0,0,43.51,12
,17-Feb-23,404-96-3080-33781,0,0,0,2.8,66.67,96.79,36.33,6,0,36,2,0,0,60.63,4
,18-Feb-23,404-96-3080-33781,0,2.2,0,1.44,92.86,96.32,16.9,14,1,35,2,0,0,37.53,13
,19-Feb-23,404-96-3080-33781,0,0,0,1.38,90,96.24,12.73,10,1,29,2,0,0,23.07,9
,20-Feb-23,404-96-3080-33781,0,0,0,2.1,81.82,95.7,20,11,1,59,2,0,0,33.99,9
ZTE-HAR4-ZSHNT78B,16-Feb-23,404-96-3080-33782,0,0,0,2,95.83,95.67,16.16,24,2,50,2,0,0,44.78,23
,17-Feb-23,404-96-3080-33782,0,0,0,2.67,94.59,92.39,18.2,37,1,55,2,0,0,44.07,35
,18-Feb-23,404-96-3080-33782,0,0,0,3.27,100,92.01,14.31,37,0,49,2,0,0,40.21,37
,19-Feb-23,404-96-3080-33782,0,0,0,1.94,100,93.02,12.65,30,3,39,2,0,0,27.41,30
,20-Feb-23,404-96-3080-33782,0,0,0,3.17,100,96.53,12.78,27,1,37,2,0,0,26.51,27
ZTE-HAR4-ZSHNT78C,16-Feb-23,404-96-3080-33783,0,0,0,0,93.33,95.85,29.51,30,0,92,2,0,0,58.66,28
,17-Feb-23,404-96-3080-33783,0,0.71,0,0,86.67,96.63,28.71,45,1,78,2,0,0,50.99,39
,18-Feb-23,404-96-3080-33783,0,0,0,0.43,95.24,97.29,19.64,42,2,55,2,0,0,34.9,40
,19-Feb-23,404-96-3080-33783,0,0,0,1.64,93.1,97.95,21.44,29,0,48,2,0,0,46.02,27
,20-Feb-23,404-96-3080-33783,0,0,0,1.64,92.16,98.15,27.34,51,0,67,2,0,0,43.64,47
ZTE-HAR4-ZSKTH50A,16-Feb-23,404-96-2470-59501,0,0,0,0,94.44,95.7,13.14,18,1,55,2,0,0,27.29,17
,17-Feb-23,404-96-2470-59501,0,0,0,0.61,92.31,96.77,7.79,13,0,20,2,0,0,16.66,12
,18-Feb-23,404-96-2470-59501,0,0,0,0.61,100,97.02,8.99,7,0,33,2,0,0,18.17,7
,19-Feb-23,404-96-2470-59501,0,0,0,0.61,93.75,96.92,11.42,16,1,12,2,0,0,23.77,15
,20-Feb-23,404-96-2470-59501,0,0,0,2.78,88.89,95.46,14.86,9,0,33,2,0,0,22.58,8
ZTE-HAR4-ZSKTH50B,16-Feb-23,404-96-2470-59502,0,0,0,0.24,89.9,91.85,44.06,208,0,124,2,0,0,81.88,187
,17-Feb-23,404-96-2470-59502,0,0,0,0.24,93.27,92.38,39.19,208,1,76,2,0,0,75.5,194
,18-Feb-23,404-96-2470-59502,0,0,0,0.44,93.96,95.35,36.09,149,1,93,2,0,0,68.55,140
,19-Feb-23,404-96-2470-59502,0,0,0,0.8,93.29,95.66,35.1,164,1,73,2,0,0,63.43,153
,20-Feb-23,404-96-2470-59502,0,0,0,1.25,91.1,95.31,41.67,146,0,113,2,0,0,72.59,133
ZTE-HAR4-ZSKTH50C,16-Feb-23,404-96-2470-59503,0,0.52,0,0.27,93.48,94.69,101.15,46,0,179,2,0,0,177.64,43
,17-Feb-23,404-96-2470-59503,0,0,3.1,0.27,94.19,94.73,90.86,86,0,276,2,0,0,187.21,81
,18-Feb-23,404-96-2470-59503,0,0,0.42,0.27,82.89,94.02,101.5,76,0,233,2,0,0,202.36,63
,19-Feb-23,404-96-2470-59503,0,0,6.28,0,83.67,94.15,87.18,49,0,178,2,0.2,0,227.21,41
,20-Feb-23,404-96-2470-59503,0,0,0.97,0,92.96,93.55,93.56,71,0,204,2,0,0,214.12,66
ZTE-HAR4-ZSTD926B,16-Feb-23,404-96-2530-3648,0,0,0,0,97.62,97.33,17.06,42,0,69,2,0.56,0,28.42,41
,17-Feb-23,404-96-2530-3648,0,0,0,0,95.12,97.66,19.76,41,0,46,2,0.27,0,37.07,39
,18-Feb-23,404-96-2530-3648,0,0,0,0,98.59,98.56,22.24,71,0,70,2,0.55,0,38.8,70
,19-Feb-23,404-96-2530-3648,0,0,0,0,100,98.53,21.12,81,0,43,2,1.02,0,41.19,81
,20-Feb-23,404-96-2530-3648,0,0.31,0,0,96.77,97.8,19.2,62,1,82,2,0.28,0,43.63,60
ZTE-HAR4-ZSTD926C,16-Feb-23,404-96-2530-3649,0,0,0,0,94.87,94.94,13.47,39,0,51,2,0.08,0,23.02,37
,17-Feb-23,404-96-2530-3649,0,0,0,0,100,96.09,11.6,14,0,35,2,0.16,0,23.82,14
,18-Feb-23,404-96-2530-3649,0,0,0,0,86.96,96.79,16.03,46,0,51,2,0.21,0,39.73,40
,19-Feb-23,404-96-2530-3649,0,0,0,0,90.91,97.22,14.31,22,0,27,2,0.79,0,30.3,20
,20-Feb-23,404-96-2530-3649,0,0,0,0,93.94,97.93,16.83,33,0,71,2,0.27,0,45.58,31
ZTE-HAR4-ZTIHR82A,16-Feb-23,404-96-2780-53821,0,0,0,0,90.2,97.27,43.53,51,1,105,2,0,0,86.39,46
,17-Feb-23,404-96-2780-53821,0,0,0,0.32,93.33,97.89,46.76,45,1,67,2,0,0,74.52,42
,18-Feb-23,404-96-2780-53821,0,0,0,0.81,93.02,98.66,35.64,43,0,56,2,0,0,61.48,40
,19-Feb-23,404-96-2780-53821,0,0,0,0.81,81.67,98.35,49.57,60,0,148,2,0,0,101.18,49
,20-Feb-23,404-96-2780-53821,0,0,0,0.5,86.3,98.28,59.03,73,1,117,2,0,0,94.28,63
ZTE-HAR4-ZTIHR82B,16-Feb-23,404-96-2780-53822,0,0,0,0.48,97.83,96.2,50.25,92,0,119,2,0,0,97.72,90
,17-Feb-23,404-96-2780-53822,0,0,0,0,97.8,96.03,49.03,91,0,123,2,0,0,100.75,89
,18-Feb-23,404-96-2780-53822,0,0,0,0,96.2,95.76,55.07,79,0,145,2,0,0,113.52,76
,19-Feb-23,404-96-2780-53822,0,0,0,0,93.41,95.38,56.52,91,0,144,2,0,0,117.06,85
,20-Feb-23,404-96-2780-53822,0,0,0,0,98.57,94.57,48.85,70,1,112,2,0,0,59.83,69
ZTE-HAR4-ZTIHR82C,16-Feb-23,404-96-2780-53823,0,0,0,0.53,98.8,97.99,20.26,83,0,66,2,0,0,47.59,82
,17-Feb-23,404-96-2780-53823,0,0,0,0.53,87.5,97.51,20.12,48,0,57,2,0,0,41.27,42
,18-Feb-23,404-96-2780-53823,0,0,0,0.53,97.3,97.48,18.73,74,0,61,2,0,0,32.47,72
,19-Feb-23,404-96-2780-53823,0,0,0,0,92.19,96.88,21.79,64,0,64,2,0,0,60.46,59
,20-Feb-23,404-96-2780-53823,0,0,0,0,97.96,96.96,20.25,49,0,59,2,0,0,36.61,48
