Short nam,,2G CGI,SDCCH Blocking Rate [BBH],SDCCH Drop Call Rate [BBH],TCH Blocking Rate [BBH],TCH Drop Call Rate [BBH],Handover Success Rate [BBH],RX Quality [BBH],Total Voice Traffic,Handover Success Rate_Denom [BBH],Drop Call Rate_Nom [BBH],Drop Call Rate_Denom [BBH],Number of TRX [BBH],ICM%[BBH],Cell Downtime [sec] [BBH],TCH Utilization [BBH],Handover Success Rate_Nom [BBH]
ANDH39A,28-Feb-23,404-96-2540-46391,0,0,0,0,86.67,96.77,14.43,75,0,59,2,0.18,0,20.28,65
,01-Mar-23,404-96-2540-46391,0,0,0,0,93.2,94.85,17.64,103,0,39,2,0.18,0,25.07,96
,02-Mar-23,404-96-2540-46391,0,0,0,0,94.44,94.15,13.04,54,0,46,2,0.13,0,20.84,51
,03-Mar-23,404-96-2540-46391,0,0,0,0,83.18,92.81,19.1,107,0,56,2,0.24,0,43.8,89
,04-Mar-23,404-96-2540-46391,0,0,0,0,75.22,93.5,20.18,113,0,87,2,0,0,39.66,85
ANDH39B,28-Feb-23,404-96-2540-46392,0,0,0,0,100,97.73,8.13,9,0,30,2,0.16,0,14.07,9
,01-Mar-23,404-96-2540-46392,0,0,0,0,95.56,95.31,10.57,45,1,57,2,0.06,0,27.2,43
,02-Mar-23,404-96-2540-46392,0,0,0,0.88,88.1,94.7,12.49,42,1,40,2,0,0,26.79,37
,03-Mar-23,404-96-2540-46392,0,0,0,1.42,92.86,94.83,10.55,70,0,19,2,0,0,21.79,65
,04-Mar-23,404-96-2540-46392,0,0,0,1.42,94.44,95.05,11.94,36,0,20,2,0.11,0,18.03,34
ANDH39C,28-Feb-23,404-96-2540-46393,0,0,0,0,74.19,96.13,14.42,93,1,47,2,0.14,0,33.43,69
,01-Mar-23,404-96-2540-46393,0,0,0,0.71,87.21,95.82,17.44,86,1,33,2,0.05,0,30.77,75
,02-Mar-23,404-96-2540-46393,0,0,0,1.72,90.41,97.05,15.85,73,0,35,2,0,0,25.7,66
,03-Mar-23,404-96-2540-46393,0,0,0,1.72,83.93,97.14,18.05,56,0,25,2,0.05,0,27.25,47
,04-Mar-23,404-96-2540-46393,0,1.3,0,1.01,85.56,97.8,14.99,90,2,23,2,0.11,0,32.45,77
CHAR33A,28-Feb-23,404-96-2580-58331,0,1,0,0,96.55,99.01,23.18,174,0,60,2,0,0,39.8,168
,01-Mar-23,404-96-2580-58331,0,0,0,0,98.6,98.86,20.99,143,0,39,2,0.12,0,30.21,141
,02-Mar-23,404-96-2580-58331,0,0,0,0,97.01,98.83,19.1,134,0,88,2,0.06,0,31.61,130
,03-Mar-23,404-96-2580-58331,0,0,0,0,97.67,99.07,17.6,129,0,21,2,0.06,0,34.97,126
,04-Mar-23,404-96-2580-58331,0,0,0,0,92.68,99.19,18.67,164,1,57,2,0,0,33.22,152
CHAR33B,28-Feb-23,404-96-2580-58332,0,0,0,0,95.14,97.62,51.88,185,0,82,2,0.62,0,97.88,176
,01-Mar-23,404-96-2580-58332,0,0,0,0,97.5,97.68,49.41,200,0,116,2,0.08,0,78.49,195
,02-Mar-23,404-96-2580-58332,0,0,0,0,97.79,97.72,56.08,181,0,92,2,0.19,0,84.08,177
,03-Mar-23,404-96-2580-58332,0,0,0,0,99.5,97.37,56.16,200,2,132,2,0.17,0,82.37,199
,04-Mar-23,404-96-2580-58332,0,0,0,0.51,99.37,97.18,54.3,159,0,128,2,0.33,0,89.83,158
CHAR33C,28-Feb-23,404-96-2580-58333,0,0,0,0.5,93.33,95.98,18.49,90,0,89,2,0,0,37.66,84
,01-Mar-23,404-96-2580-58333,0,0,0,0.5,89.83,95.81,15.35,59,1,46,2,0.06,0,27.13,53
,02-Mar-23,404-96-2580-58333,0,0,0,1.22,93.33,95.76,15.81,75,0,35,2,0.12,0,20.82,70
,03-Mar-23,404-96-2580-58333,0,0,0,0.72,92.54,96.95,23.69,67,1,34,2,0.12,0,35.69,62
,04-Mar-23,404-96-2580-58333,0,0,0,1.71,85.48,97.11,17.56,62,0,73,2,0.31,0,31.27,53
GDLI79A,28-Feb-23,404-96-2550-45791,0,0,0,0,98.08,99.66,25.75,52,0,51,2,0,0,46.59,51
,01-Mar-23,404-96-2550-45791,0,0,0,0,95,99.62,20.41,40,0,58,2,0,0,42.47,38
,02-Mar-23,404-96-2550-45791,0,0,0,0,88.46,99.52,20.06,26,0,70,2,0.17,0,38.8,23
,03-Mar-23,404-96-2550-45791,0,0,0,0,100,99.5,19.05,30,0,6,2,0,0,31.45,30
,04-Mar-23,404-96-2550-45791,0,0,0,0,95.83,99.59,17.68,24,0,55,2,0.05,0,34.07,23
GDLI79B,28-Feb-23,404-96-2550-45792,0,0,0,0.86,95.45,98.1,136.37,66,0,125,2,0.11,0,186.96,63
,01-Mar-23,404-96-2550-45792,0,0,0,0.32,96.43,98.93,58.68,84,0,99,2,1.13,0,91.94,81
,02-Mar-23,404-96-2550-45792,0,0,0,0.16,97.92,98.66,74.04,96,0,85,2,0.29,0,122.18,94
,03-Mar-23,404-96-2550-45792,0,0,0,0,98.21,98.87,66.31,56,1,64,2,0.29,0,101.11,55
,04-Mar-23,404-96-2550-45792,0,0,0,0.52,95.31,98.7,59.02,64,0,84,2,0.6,0,98.07,61
GDLI79C,28-Feb-23,404-96-2550-45793,0,0,0,0.32,97.54,98.74,74.77,122,2,154,2,0,0,129.36,119
,01-Mar-23,404-96-2550-45793,0,0,0,0.76,95,98.56,64.98,100,0,138,2,0.09,0,138.93,95
,02-Mar-23,404-96-2550-45793,0,0,0,0.43,94.87,98.52,63.2,117,1,124,2,0.36,0,113.37,111
,03-Mar-23,404-96-2550-45793,0,0,0,0.7,96.4,98.27,61.88,111,0,106,2,0,0,156.11,107
,04-Mar-23,404-96-2550-45793,0,0,0,0.27,94.03,98.2,49.98,67,1,102,2,0.06,0,95.55,63
PIPL70A,28-Feb-23,404-96-2470-58701,0,0,0,0,97.44,97.02,26.29,117,0,44,2,0,0,38.57,114
,01-Mar-23,404-96-2470-58701,0,0,0,0,97.61,96.91,20.67,209,0,91,2,0,0,40.26,204
,02-Mar-23,404-96-2470-58701,0,0,0,0,100,96.9,28.33,95,0,78,2,0,0,49.64,95
,03-Mar-23,404-96-2470-58701,0,0,0,0,100,98.68,26.5,113,0,100,2,0,0,39.75,113
,04-Mar-23,404-96-2470-58701,0,0,0,0,95.7,99.08,24.21,93,0,73,2,0,0,42.3,89
PIPL70B,28-Feb-23,404-96-2470-58702,0,0,0,0,98.65,96.92,64.53,297,1,192,2,0,0,111.51,293
,01-Mar-23,404-96-2470-58702,0,0,0,0.26,97.55,97.15,45.38,326,0,220,2,0,0,102.34,318
,02-Mar-23,404-96-2470-58702,0,0,0,0.26,100,97.45,25.56,136,0,98,2,0,0,38.56,136
,03-Mar-23,404-96-2470-58702,0,0,0,0.17,99.19,97.51,26.48,124,0,101,2,0,0,48.1,123
,04-Mar-23,404-96-2470-58702,0,0,0,0,99.03,96.49,24.55,103,0,96,2,0,0,37.06,102
PIPL70C,28-Feb-23,404-96-2470-58703,0,0,0,0.22,95.38,98.42,31.76,65,0,91,2,0,0,54.7,62
,01-Mar-23,404-96-2470-58703,0,0,0,0.22,97.71,98.59,43.78,218,0,172,2,0,0,89.58,213
,02-Mar-23,404-96-2470-58703,0,0,0,0.22,99.55,98.66,67.43,223,0,221,2,0,0,121.46,222
,03-Mar-23,404-96-2470-58703,0,0,0,0,99.08,99.05,66.42,325,0,185,2,0,0,138.43,322
,04-Mar-23,404-96-2470-58703,0,0,0,0,96.74,98.76,50.88,215,0,148,2,0,0,85.38,208
KWPR75A,28-Feb-23,404-96-2535-53751,0,0,0,1.11,92.99,95.01,83.53,442,3,232,2,0.86,0,149.13,411
,01-Mar-23,404-96-2535-53751,0,0,0,1.54,92.96,94.35,94.14,483,2,209,2,1.72,0,196.38,449
,02-Mar-23,404-96-2535-53751,0,0,0,1.67,94.22,94.62,71.59,415,6,168,2,0.44,0,148.38,391
,03-Mar-23,404-96-2535-53751,0,0.15,0,1.94,95.24,94.37,86.21,483,0,239,2,1.51,0,170.07,460
,04-Mar-23,404-96-2535-53751,0,0,0,1.51,92.28,95.13,61.74,259,5,168,2,0.55,0,106.27,239
KWPR75B,28-Feb-23,404-96-2535-53752,0,0,0,0,90.2,95.49,58.16,102,0,89,2,0.29,0,93.98,92
,01-Mar-23,404-96-2535-53752,0,0,0,0,94.64,95.5,60.68,168,0,131,2,0.59,0,90.29,159
,02-Mar-23,404-96-2535-53752,0,0,0,0,94.86,94.91,58.35,214,0,137,2,0.74,0,119.51,203
,03-Mar-23,404-96-2535-53752,0,0,0,0,96.55,94.19,66.2,116,0,107,2,0.85,0,100.46,112
,04-Mar-23,404-96-2535-53752,0,0,0,0,94.16,94.2,60.94,137,0,75,2,1.11,0,90.45,129
KWPR75C,28-Feb-23,404-96-2535-53753,0,0,0,1.19,93.82,95.47,42.24,275,0,140,2,0.22,0,82.94,258
,01-Mar-23,404-96-2535-53753,0,0.3,0,0.84,92.07,96.19,46.2,328,0,103,2,1.4,0,74.1,302
,02-Mar-23,404-96-2535-53753,0,0,0,0.84,92.71,96.3,36.41,384,0,129,2,1.46,0,86.11,356
,03-Mar-23,404-96-2535-53753,0,0.28,0,0,94.07,96.19,47.12,337,0,130,2,0.67,0,95.3,317
,04-Mar-23,404-96-2535-53753,0,0,0,0,93.8,96.48,38.06,242,0,78,2,0.71,0,58.02,227
AJRA18A,28-Feb-23,404-96-2630-19181,,,,,,,,,,,,,,,
,01-Mar-23,404-96-2630-19181,,,,,,,,,,,,,,,
,02-Mar-23,404-96-2630-19181,,,,,,,,,,,,,,,
,03-Mar-23,404-96-2630-19181,0,0,0,,,,12.28,0,0,74,2,0,0,36.72,0
,04-Mar-23,404-96-2630-19181,0,1,0,0,,98.47,16.61,0,0,55,2,0,0,34.39,0
AJRA18B,28-Feb-23,404-96-2630-19182,,,,,,,,,,,,,,,
,01-Mar-23,404-96-2630-19182,,,,,,,,,,,,,,,
,02-Mar-23,404-96-2630-19182,,,,,,,,,,,,,,,
,03-Mar-23,404-96-2630-19182,0,0,0,,,,16.86,0,0,79,2,0,0,37.38,0
,04-Mar-23,404-96-2630-19182,0,0,0,0,,91.92,28.02,0,0,32,2,0,0,53.76,0
AJRA18C,28-Feb-23,404-96-2630-19183,,,,,,,,,,,,,,,
,01-Mar-23,404-96-2630-19183,,,,,,,,,,,,,,,
,02-Mar-23,404-96-2630-19183,,,,,,,,,,,,,,,
,03-Mar-23,404-96-2630-19183,0,0,0,,,,14.91,0,0,45,2,0,0,39.29,0
,04-Mar-23,404-96-2630-19183,0,0.49,0,0,,95.62,30.01,0,0,59,2,0,0,49.16,0
ALPR10A,28-Feb-23,404-96-2480-59101,0,0,0,0,92.13,96.71,35.51,89,0,92,2,0,0,58.63,82
,01-Mar-23,404-96-2480-59101,0,0,0,0,79.76,96.21,32.37,84,0,127,2,0,0,83.21,67
,02-Mar-23,404-96-2480-59101,0,0,0,0,77.17,95.64,35.64,92,0,254,2,0,0,63.92,71
,03-Mar-23,404-96-2480-59101,0,0,0,0,84.11,95.7,34.96,107,0,108,2,0,0,57.4,90
,04-Mar-23,404-96-2480-59101,0,0,0,0,81.69,96.48,38.72,71,0,94,2,0,0,50.94,58
ALPR10B,28-Feb-23,404-96-2480-59102,0,0,0,0,100,98.13,14.37,39,0,21,2,0,0,31.94,39
,01-Mar-23,404-96-2480-59102,0,0,0,0,100,97.86,20.04,29,0,50,2,0,0,31.78,29
,02-Mar-23,404-96-2480-59102,0,0,0,0,93.94,97.28,19.79,33,0,48,2,0,0,31.5,31
,03-Mar-23,404-96-2480-59102,0,0,0,0,93.75,97.44,14.52,64,0,71,2,0,0,27.06,60
,04-Mar-23,404-96-2480-59102,0,0,0,0,93.62,96.7,19.59,47,0,53,2,0,0,51.28,44
ALPR10C,28-Feb-23,404-96-2480-59103,0,1.18,0,0,88.24,96.62,8.5,17,0,34,2,0,0,17.48,15
,01-Mar-23,404-96-2480-59103,0,0,0,0,100,96.88,6.01,18,0,5,2,0,0,16.33,18
,02-Mar-23,404-96-2480-59103,0,0,0,0,96.43,97.8,8.5,28,0,37,2,0,0,18.22,27
,03-Mar-23,404-96-2480-59103,0,0,0,0,100,98.43,11.06,48,0,17,2,0,0,17.71,48
,04-Mar-23,404-96-2480-59103,0,0,0,0,93.33,97.84,9.95,30,0,18,2,0,0,20.57,28
BAHO92A,28-Feb-23,404-96-2535-57921,0,0,0,1.85,90.91,95.8,8.3,22,0,16,2,0.11,0,17.42,20
,01-Mar-23,404-96-2535-57921,0,0,0,1.85,84,96.7,7.36,50,0,40,2,0,0,13.06,42
,02-Mar-23,404-96-2535-57921,0,0,0,0,85.71,97.15,8.36,42,0,44,2,0.3,0,21.96,36
,03-Mar-23,404-96-2535-57921,0,0,0,0,96.15,96.85,8.6,52,0,17,2,0.17,0,13.97,50
,04-Mar-23,404-96-2535-57921,0,0,0,0,93.02,96.52,12.95,43,1,38,2,0,0,19.11,40
BAHO92B,28-Feb-23,404-96-2535-57922,0,0,0,0,92,98.09,19.87,50,0,71,2,0.07,0,50.11,46
,01-Mar-23,404-96-2535-57922,0,0.93,0,0,78.26,98.63,16.85,23,0,44,2,0.26,0,35.24,18
,02-Mar-23,404-96-2535-57922,0,0,0,0,92.73,98.8,11.24,55,0,33,2,0.64,0,24.88,51
,03-Mar-23,404-96-2535-57922,0,0,0,0,95.83,98.55,19.84,72,0,16,2,0,0,46.53,69
,04-Mar-23,404-96-2535-57922,0,0,0,0,91.43,98.77,19.96,70,0,67,2,0.22,0,36.95,64
BAHO92C,28-Feb-23,404-96-2535-57923,0,0,0,0.76,53.66,94.62,11.64,41,3,30,2,0.6,0,27.68,22
,01-Mar-23,404-96-2535-57923,0,0,0,3.33,91.67,92.58,8.38,24,0,24,2,0.07,0,19.15,22
,02-Mar-23,404-96-2535-57923,0,0,0,3.33,89.61,92.1,9.8,77,0,36,2,0.33,0,22.48,69
,03-Mar-23,404-96-2535-57923,0,0,0,3.33,64.71,93.39,13.16,34,3,30,2,0.08,0,27.01,22
,04-Mar-23,404-96-2535-57923,0,0,0,3.33,79.59,94.37,16.08,49,0,31,2,0.51,0,28.21,39
BARS49A,28-Feb-23,404-96-2580-21491,0,0.74,0,1.45,97.67,95.07,66.39,86,5,177,2,0,0,115.46,84
,01-Mar-23,404-96-2580-21491,0,0.94,0,1.94,97.5,95.2,59.44,80,4,181,2,0,0,85.68,78
,02-Mar-23,404-96-2580-21491,0,0,0,2.19,95.45,95.23,56.35,110,1,163,2,0,0,98.27,105
,03-Mar-23,404-96-2580-21491,0,0,0,1.88,94.37,94.92,53.16,71,0,133,2,0,0,77.97,67
,04-Mar-23,404-96-2580-21491,0,0,0,0.94,97.7,94.26,51.37,87,0,145,2,0,0,103.27,85
BARS49B,28-Feb-23,404-96-2580-21492,0,0,0,4.99,100,92.36,40.56,29,3,64,2,0,0,87.49,29
,01-Mar-23,404-96-2580-21492,0,0.59,0,6.29,100,92.49,40.92,17,1,96,2,0,0,71.37,17
,02-Mar-23,404-96-2580-21492,0,0,0,4.43,94.23,92.05,46.13,52,2,53,2,0,0,71.93,49
,03-Mar-23,404-96-2580-21492,0,0,0,3.17,92.16,93.88,38.69,51,1,55,2,0,0,80.98,47
,04-Mar-23,404-96-2580-21492,0,0,0,2.21,98.59,93.42,40.37,71,0,73,2,0,0,64.73,70
BARS49C,28-Feb-23,404-96-2580-21493,0,0,0,0.68,90.62,93.54,43.55,32,1,91,2,0,0,70.57,29
,01-Mar-23,404-96-2580-21493,0,0.63,0,1.05,96.67,95.38,34.63,30,0,63,2,0,0,68.98,29
,02-Mar-23,404-96-2580-21493,0,0,0,1.05,100,96.15,24.69,24,1,48,2,0,0,39.48,24
,03-Mar-23,404-96-2580-21493,0,0,0,1.06,89.13,96.81,21.91,46,0,23,2,0,0,43.5,41
,04-Mar-23,404-96-2580-21493,0,0,0,0.69,98.55,97.44,20.8,69,0,37,2,0,0,41.27,68
BDPT94A,28-Feb-23,404-96-1850-35941,0,1.65,0,0,100,98.52,19.39,25,0,59,2,0,0,29.87,25
,01-Mar-23,404-96-1850-35941,0,2.17,0,0,97.06,98.37,19.24,34,0,37,2,0,0,35.73,33
,02-Mar-23,404-96-1850-35941,0,0,0,0,95.83,98.41,21.17,24,0,53,2,0,0,49.12,23
,03-Mar-23,404-96-1850-35941,0,0,0,0,100,98.36,20.19,27,0,47,2,0,0,40.47,27
,04-Mar-23,404-96-1850-35941,0,1.23,0,0,94.12,98.17,19.63,17,0,45,2,0,0,42.67,16
BDPT94B,28-Feb-23,404-96-1850-35942,0,0,0,7.06,92.65,98.53,32.65,136,1,70,2,0,0,82.47,126
,01-Mar-23,404-96-1850-35942,0,0.5,0,6.77,91.43,98.79,37.89,105,0,51,2,0,0,72.54,96
,02-Mar-23,404-96-1850-35942,0,0,0,0.71,84.21,99.22,25.78,38,0,86,2,0,0,41.5,32
,03-Mar-23,404-96-1850-35942,0,0,0,0.48,86.54,98.93,29.44,52,0,76,2,0.32,0,53.51,45
,04-Mar-23,404-96-1850-35942,9.77,0.65,0,0,89.04,98.79,21.04,73,1,64,2,0,20,41.55,65
BDPT94C,28-Feb-23,404-96-1850-35943,0,0.59,0,2.03,98.4,95.85,74.54,125,1,128,2,0,0,155.27,123
,01-Mar-23,404-96-1850-35943,0,0.5,0,2.29,98.21,95.22,68.5,112,3,151,2,0,0,160.44,110
,02-Mar-23,404-96-1850-35943,0,0,0,1.53,100,95.33,78.68,53,0,157,2,0,0,139.69,53
,03-Mar-23,404-96-1850-35943,0,0,0.57,0.92,98.67,95.38,79.1,75,0,172,2,0,0,192.24,74
,04-Mar-23,404-96-1850-35943,4.03,0,0,0.66,96.2,95.77,70.51,79,10,133,2,0,42,178.12,76
BHR45A,28-Feb-23,404-96-1670-26451,0,2.51,0,6,91.48,97.64,45.71,176,5,112,2,0,0,92.57,161
,01-Mar-23,404-96-1670-26451,0,2.04,0,5.23,89.24,96.38,46.32,158,0,150,2,0,0,61.37,141
,02-Mar-23,404-96-1670-26451,0,0,0,3.49,94.23,95.41,41.62,52,1,90,2,0,0,66.01,49
,03-Mar-23,404-96-1670-26451,0,0,0,1.86,78.43,95.02,34.76,51,0,45,2,0,0,49.54,40
,04-Mar-23,404-96-1670-26451,0,0,0,0.37,86.96,95.6,46.1,92,0,125,2,0,0,75.46,80
BHR45B,28-Feb-23,404-96-1670-26452,0,1.26,0,1.18,94.33,93.42,86.44,141,3,177,2,0,0,147.15,133
,01-Mar-23,404-96-1670-26452,0,1.76,0,1.44,97.53,93.13,87.24,81,1,234,2,0,0,138.51,79
,02-Mar-23,404-96-1670-26452,0,0,0,1.1,97.78,91.86,91.81,45,0,165,2,0,0,151.72,44
,03-Mar-23,404-96-1670-26452,0,0,2.59,0.71,100,91.96,89.26,24,1,223,2,0,0,170.02,24
,04-Mar-23,404-96-1670-26452,0,0,0,0.29,86.84,92.18,96.81,38,0,194,2,0,0,140.05,33
BHR45C,28-Feb-23,404-96-1670-26453,0,1.05,0,3.95,95.24,94.9,31.08,42,2,30,2,0,0,53.23,40
,01-Mar-23,404-96-1670-26453,0,0,0,5.31,100,94.3,37.4,14,0,28,2,0,0,56.91,14
,02-Mar-23,404-96-1670-26453,0,0,0,3.54,100,94,28.01,23,0,38,2,0,0,43.74,23
,03-Mar-23,404-96-1670-26453,0,0,0,2.22,97.92,94.24,25.66,48,0,46,2,0,0,42.79,47
,04-Mar-23,404-96-1670-26453,0,0,0,0,100,95.36,23.85,33,0,87,2,0,0,66.7,33
BHUK85A,28-Feb-23,404-96-2580-59851,0,,,7.54,,95.03,0,0,0,0,2,,3600,,0
,01-Mar-23,404-96-2580-59851,0,1.69,0,8.82,93.1,95.69,8.15,29,1,29,2,0,0,17.12,27
,02-Mar-23,404-96-2580-59851,0,0,0,3.45,94.44,85.87,6.8,36,0,25,2,0,0,9.2,34
,03-Mar-23,404-96-2580-59851,0,0,0,1.72,83.33,87.43,7.23,12,1,12,2,0,0,14.1,10
,04-Mar-23,404-96-2580-59851,0,0,0,3.93,80.95,90.33,5.03,21,0,21,2,0,0,9.67,17
BHUK85B,28-Feb-23,404-96-2580-59852,0,,,4.41,,83.84,0,0,0,0,2,,3600,,0
,01-Mar-23,404-96-2580-59852,0,9.64,0,0,82.5,90.99,6.33,40,2,25,2,0,0,17.83,33
,02-Mar-23,404-96-2580-59852,0,0,0,8,84.62,92.94,10.76,26,0,10,2,0,0,21.3,22
,03-Mar-23,404-96-2580-59852,0,0,0,4,96.77,95.24,9.94,62,0,24,2,0,0,20.08,60
,04-Mar-23,404-96-2580-59852,0,0,0,2.67,100,95.2,8.37,33,0,33,2,0,0,14.99,33
BHUK85C,28-Feb-23,404-96-2580-59853,0,,,0.69,,95.2,0,0,0,0,2,,3600,,0
,01-Mar-23,404-96-2580-59853,0,1.47,0,0,74.36,95.86,17.84,39,1,40,2,0,0,32.19,29
,02-Mar-23,404-96-2580-59853,0,0,0,2.5,94.44,87.73,16.02,36,0,47,2,0,0,21.56,34
,03-Mar-23,404-96-2580-59853,0,0,0,1.25,95.24,90.78,17.56,21,1,30,2,0,0,31.8,20
,04-Mar-23,404-96-2580-59853,0,0,0,1.94,97.06,93.14,13.43,34,0,36,2,0,0,17.74,33
BISJ26A,28-Feb-23,404-96-2630-19261,0,0,0,2.4,66.67,96.34,10.21,3,0,14,2,0,0,23,2
,01-Mar-23,404-96-2630-19261,0,0,0,1.19,90,96.1,11.48,30,1,44,2,0,0,29.22,27
,02-Mar-23,404-96-2630-19261,0,0,0,0.76,86.96,95.64,10.18,23,1,19,2,0,0,22.14,20
,03-Mar-23,404-96-2630-19261,0,0,0,2.51,85.71,94.46,14.72,35,0,44,2,0,0,34.61,30
,04-Mar-23,404-96-2630-19261,0,0,0,2.51,89.47,94.33,11.19,19,0,30,2,0,0,24.03,17
BISJ26B,28-Feb-23,404-96-2630-19262,0,0,0,3.7,100,89.82,2.12,7,0,2,2,0,0,5.02,7
,01-Mar-23,404-96-2630-19262,0,0,0,3.7,100,92.95,1.99,23,1,5,2,0,0,7.89,23
,02-Mar-23,404-96-2630-19262,0,0,0,10.37,94.74,94.05,1.61,19,0,6,2,0,0,4.72,18
,03-Mar-23,404-96-2630-19262,0,0,0,6.67,96.43,97.47,2.41,28,0,14,2,0,0,5.36,27
,04-Mar-23,404-96-2630-19262,0,0,0,6.67,87.5,96.21,2.92,24,0,16,2,0,0,7,21
BISJ26C,28-Feb-23,404-96-2630-19263,0,0,0,0,95,98.85,11.84,20,1,40,2,0,0,26.84,19
,01-Mar-23,404-96-2630-19263,0,0,0,0.83,100,97.97,13.14,9,0,5,2,0,0,31.08,9
,02-Mar-23,404-96-2630-19263,0,0,0,0.83,96.67,98.28,11.97,30,0,52,2,0,0,29.39,29
,03-Mar-23,404-96-2630-19263,0,0,0,0.83,100,98.16,13.33,36,0,54,2,0,0,26.03,36
,04-Mar-23,404-96-2630-19263,0,0,0,0,96.3,98.92,10.39,27,0,47,2,0,0,23.76,26
BLWS81A,28-Feb-23,404-96-2480-52811,0,0,0,0.56,97.62,95.73,22.9,84,1,86,2,0,0,52.49,82
,01-Mar-23,404-96-2480-52811,0,0,0,0.95,98.15,95.22,27.76,54,1,101,2,0,0,41.77,53
,02-Mar-23,404-96-2480-52811,0,0,0,1.28,96.15,95.61,25.32,52,0,46,2,0,0,43.04,50
,03-Mar-23,404-96-2480-52811,0,0,0,0.72,82.46,95.92,22.26,57,2,60,2,0.12,0,32.38,47
,04-Mar-23,404-96-2480-52811,0,0,0,1.44,95.08,95.15,21.87,61,0,48,2,0,0,57.35,58
BLWS81B,28-Feb-23,404-96-2480-52812,0,0,0,0,96.74,97.96,42.17,92,0,103,2,0,0,81.8,89
,01-Mar-23,404-96-2480-52812,0,0,0,0,98.59,98.06,52.79,142,0,92,2,0,0,113.57,140
,02-Mar-23,404-96-2480-52812,0,0.46,0,0,96.88,98.4,42.79,96,2,92,2,0,0,95.95,93
,03-Mar-23,404-96-2480-52812,0,0,0,0.72,91.94,98.39,48.01,124,1,97,2,0,0,90.74,114
,04-Mar-23,404-96-2480-52812,0,0,0,1.07,93.62,98.11,52.82,94,1,112,2,0,0,116.2,88
BLWS81C,28-Feb-23,404-96-2480-52813,0,0.37,0,1.24,92.45,98.14,30.68,53,3,95,2,0,0,58.83,49
,01-Mar-23,404-96-2480-52813,0,0,0,2.29,100,96.47,29.52,56,0,119,2,0,0,57.21,56
,02-Mar-23,404-96-2480-52813,0,0,0,1.35,96.15,96.04,30.86,52,2,136,2,0,0,47.69,50
,03-Mar-23,404-96-2480-52813,0,0.69,0,1.54,92.86,95.91,28.26,42,0,96,2,0,0,43.41,39
,04-Mar-23,404-96-2480-52813,0,0,0,0.49,96.97,96.98,33.22,33,1,55,2,0,0,42,32
BUDH91A,28-Feb-23,404-96-1680-53911,0,0,0,3.45,90.32,96.81,22,124,1,79,2,0.08,0,31.27,112
,01-Mar-23,404-96-1680-53911,0,0,0,3.15,76.92,97.07,24.39,234,2,73,2,0.34,0,40.49,180
,02-Mar-23,404-96-1680-53911,0,0,0,2.98,95.65,97.22,22,138,1,65,2,0.1,0,30.67,132
,03-Mar-23,404-96-1680-53911,0,0,0,1.85,96.32,97.1,24.69,136,0,52,2,0.21,0,37.02,131
,04-Mar-23,404-96-1680-53911,0,0,0,1.43,96.76,97.03,26.59,185,2,84,2,0.63,0,52.95,179
BUDH91B,28-Feb-23,404-96-1680-53912,0,0,0,2.65,27.56,95.41,28.23,312,0,74,2,0.08,0,44,86
,01-Mar-23,404-96-1680-53912,0,0,0,2.19,51.21,94.12,27.44,248,1,83,2,0.17,0,56.32,127
,02-Mar-23,404-96-1680-53912,0,0,0,0.4,56.57,92.88,30.8,175,0,68,2,0,0,55.46,99
,03-Mar-23,404-96-1680-53912,0,0,0,0.4,51.98,93.4,29.65,329,0,105,2,0.2,0,59.22,171
,04-Mar-23,404-96-1680-53912,0,0,0,0.4,39.71,94.67,34.38,272,3,80,2,0.3,0,62.17,108
BUDH91C,28-Feb-23,404-96-1680-53913,0,0,0,0.57,93.01,96.82,50.86,286,1,71,2,0.22,0,101.01,266
,01-Mar-23,404-96-1680-53913,0,0,0,0.47,93.9,96.41,40.01,328,0,105,2,0,0,81.37,308
,02-Mar-23,404-96-1680-53913,0,0,0,0.47,96.53,95.26,39.9,202,1,43,2,0.29,0,73.12,195
,03-Mar-23,404-96-1680-53913,0,0,0,1.24,95.75,94.53,40.91,259,2,74,2,0,0,64.76,248
,04-Mar-23,404-96-1680-53913,0,0,0,1.68,96.43,94.36,37.41,224,1,82,2,0.26,0,69.76,216
DBKR37A,28-Feb-23,404-96-2630-56371,0,0,0,0.21,91.94,98.29,55.57,62,0,114,2,0,0,106.82,57
,01-Mar-23,404-96-2630-56371,0,0,0,0.21,98.08,97.51,51.09,104,0,136,2,0,0,116.79,102
,02-Mar-23,404-96-2630-56371,0,0,0,0.21,98.46,97.36,44.46,65,0,124,2,0,0,73.51,64
,03-Mar-23,404-96-2630-56371,0,0,0,0,95.92,96.87,43.42,49,0,74,2,0,0,92.77,47
,04-Mar-23,404-96-2630-56371,0,0,0,0,89.01,97.84,47.74,91,1,128,2,0,0,102.15,81
DBKR37B,28-Feb-23,404-96-2630-56372,0,0,0,0.36,77.63,96.85,39.36,76,0,44,2,0,0,72.05,59
,01-Mar-23,404-96-2630-56372,0,0.4,0,0.36,92.38,96.11,39.98,105,0,136,2,0,0,81.6,97
,02-Mar-23,404-96-2630-56372,0,0,0,0.36,96.1,96.7,41.73,77,0,106,2,0,0,90.37,74
,03-Mar-23,404-96-2630-56372,0,0,0,0,95.6,95.99,42.78,91,0,75,2,0,0,68.27,87
,04-Mar-23,404-96-2630-56372,0,0,0,0,91.67,95.88,50.49,96,0,118,2,0,0,105.18,88
DBKR37C,28-Feb-23,404-96-2630-56373,0,0,0,0,95.65,94.44,76.19,184,1,171,2,0,0,125.49,176
,01-Mar-23,404-96-2630-56373,0,0,0,0.19,92.34,93.6,80.86,222,0,196,2,0,0,129.74,205
,02-Mar-23,404-96-2630-56373,0,0,0,0.19,94.05,92.23,73.06,185,0,170,2,0,0,150,174
,03-Mar-23,404-96-2630-56373,0,0.3,0,0.19,95.32,92.71,84.26,171,0,174,2,0,0,133.56,163
,04-Mar-23,404-96-2630-56373,0,0,0,0,97.37,93.85,83.09,190,0,213,2,0,0,143.34,185
DHMJ51A,28-Feb-23,404-96-1790-48511,0,0,0,0,91.18,96.3,13.69,34,0,44,2,0.12,0,29.28,31
,01-Mar-23,404-96-1790-48511,0,0,0,0,94.12,96.04,13.16,17,0,47,2,0,0,24.55,16
,02-Mar-23,404-96-1790-48511,0,0,0,0,63.64,95.9,14.69,11,0,45,2,0.35,0,28.03,7
,03-Mar-23,404-96-1790-48511,0,0,0,0,78.57,96.28,20.97,28,0,66,2,0.1,0,40.33,22
,04-Mar-23,404-96-1790-48511,0,0.52,0,0,84.85,97.06,22.33,33,0,42,2,0.43,0,43.15,28
DHMJ51B,28-Feb-23,404-96-1790-48512,0,0,0,0,100,99.37,18.11,50,0,48,2,0,0,39.89,50
,01-Mar-23,404-96-1790-48512,0,0,0,0,92.11,99.46,17.6,38,0,45,2,0.09,0,38.49,35
,02-Mar-23,404-96-1790-48512,0,0,0,0,100,99.36,17.55,17,0,13,2,0.2,0,30.58,17
,03-Mar-23,404-96-1790-48512,0,0,0,0,100,99.43,25.43,99,0,54,2,0,0,79.35,99
,04-Mar-23,404-96-1790-48512,0,0,0,0,93.94,99.31,21.21,66,1,35,2,0,0,45.56,62
DHMJ51C,28-Feb-23,404-96-1790-48513,0,0,0,0,100,97.23,14.58,23,0,22,2,0,0,26.25,23
,01-Mar-23,404-96-1790-48513,0,0,0,0,94.12,97.08,15.23,34,0,41,2,0.06,0,32.35,32
,02-Mar-23,404-96-1790-48513,0,0,0,0,94.44,96.12,18.21,18,0,21,2,0.22,0,27.75,17
,03-Mar-23,404-96-1790-48513,0,0,0,0,100,96.12,17.35,29,0,51,2,0.29,0,31.54,29
,04-Mar-23,404-96-1790-48513,0,0,0,0,95.74,95.68,20.25,47,0,34,2,0.29,0,25.43,45
DULI37A,28-Feb-23,404-96-2590-11371,0,0,0,2.12,97.37,95.36,17.63,38,0,106,2,0,0,36.44,37
,01-Mar-23,404-96-2590-11371,0,0,0,2.12,96.3,94.99,16.33,27,1,44,2,0,0,31.57,26
,02-Mar-23,404-96-2590-11371,0,0,0,2.31,95,96.62,15.69,20,0,56,2,0,0,27.59,19
,03-Mar-23,404-96-2590-11371,0,0,0,0.76,100,95.54,16.69,47,0,59,2,0,0,25.64,47
,04-Mar-23,404-96-2590-11371,0,0,0,0.76,100,95.94,18.93,53,0,68,2,0,0,27.74,53
DULI37B,28-Feb-23,404-96-2590-11372,0,0,0,1.28,96.15,93.63,32.17,26,0,102,2,0,0,40.37,25
,01-Mar-23,404-96-2590-11372,0,0,0,0.94,96.55,94.04,43.14,29,0,87,2,0,0,67.55,28
,02-Mar-23,404-96-2590-11372,0,0,0,0.94,98.61,95.26,34.48,72,0,80,2,0,0,61.42,71
,03-Mar-23,404-96-2590-11372,0,0,0,0,93.9,95.16,38.31,82,0,106,2,0,0,55.78,77
,04-Mar-23,404-96-2590-11372,0,0,0,0,98.63,96.07,35.87,73,0,96,2,0,0,41.92,72
DULI37C,28-Feb-23,404-96-2590-11373,0,0,0,3.41,100,95.38,23.47,13,3,23,2,0,0,47.04,13
,01-Mar-23,404-96-2590-11373,0,0,0,7.76,100,94.05,24.33,1,0,30,2,0,0,40.48,1
,02-Mar-23,404-96-2590-11373,0,0,0,5.46,100,92.59,24.58,2,1,21,2,0,0,40.7,2
,03-Mar-23,404-96-2590-11373,0,0,0,5.94,64.29,93.13,21.67,14,0,57,2,0,0,36.93,9
,04-Mar-23,404-96-2590-11373,0,0,0,1.59,94.12,90.98,23.71,17,0,85,2,0,0,35.66,16
FLP60A,28-Feb-23,404-96-2535-16601,0,0,0,1.77,90.86,95.51,71.07,361,4,153,3,0.17,0,59.36,328
,01-Mar-23,404-96-2535-16601,0,0,0,1.47,89.71,96.01,50.61,243,0,94,3,0.13,0,42.19,218
,02-Mar-23,404-96-2535-16601,0,0,0,1.47,91.22,95.16,51.89,262,0,164,3,0.18,0,53.57,239
,03-Mar-23,404-96-2535-16601,0,0,0,0.87,93.41,94.96,53.29,273,1,161,3,0.14,0,47.86,255
,04-Mar-23,404-96-2535-16601,0,0,0,0.21,90.04,94.81,51.71,241,0,126,3,0,0,43.9,217
FLP60B,28-Feb-23,404-96-2535-16602,0,0,0,0,82.54,96.7,46.7,355,0,124,2,0.3,0,103.41,293
,01-Mar-23,404-96-2535-16602,0,0,0,0,90.23,96.19,42.85,215,0,103,2,0.16,0,102.55,194
,02-Mar-23,404-96-2535-16602,0,0,0,0,96.5,95.4,39.93,200,0,172,2,0.33,0,112.76,193
,03-Mar-23,404-96-2535-16602,0,0,0,0,95.31,95.11,33.69,192,0,74,2,0.55,0,69.44,183
,04-Mar-23,404-96-2535-16602,0,0,0,0,89.68,94.77,32.33,126,0,74,2,0.55,0,81.94,113
FLP60C,28-Feb-23,404-96-2535-16603,0,0,0,0.86,94.05,98.75,29.12,84,2,34,3,0.28,0,19.13,79
,01-Mar-23,404-96-2535-16603,0,0,0,3.8,90.98,98.49,35.5,122,0,97,3,0.24,0,26.81,111
,02-Mar-23,404-96-2535-16603,0,0,0,2.94,93.08,98.16,43.69,159,0,125,3,0.09,0,30,148
,03-Mar-23,404-96-2535-16603,0,0,0,1.96,95.37,98.04,35.75,108,0,64,3,0.17,0,26.95,103
,04-Mar-23,404-96-2535-16603,0,0,0,0,95.24,98.2,33.62,63,0,72,3,0.41,0,22.87,60
GLA54A,28-Feb-23,404-96-2550-44541,0,0,0,0.77,92.75,97.45,65.41,138,0,200,2,0,0,117.98,128
,01-Mar-23,404-96-2550-44541,0,0,0,0.77,90.62,96.91,23.79,32,0,71,2,0,0,40.85,29
,02-Mar-23,404-96-2550-44541,0,0.58,0,0.47,97.83,96.51,25.54,46,0,67,2,0,0,52.66,45
,03-Mar-23,404-96-2550-44541,0,0,0,0,90.32,96.48,23.83,31,0,87,2,0,0,35.9,28
,04-Mar-23,404-96-2550-44541,0,0,0,0,100,96.61,29.1,59,0,70,2,0,0,58.45,59
GLA54B,28-Feb-23,404-96-2550-44542,0,0.15,0,0.87,96.84,95.94,22.18,95,0,77,2,0.06,0,38.9,92
,01-Mar-23,404-96-2550-44542,0,0,0,0.87,95.77,96.13,13.78,71,0,33,2,0,0,43.22,68
,02-Mar-23,404-96-2550-44542,0,0,0,0.46,96.67,97.59,8.85,30,0,42,2,0,0,17.67,29
,03-Mar-23,404-96-2550-44542,0,0,0,0,100,98.25,11.71,8,0,23,2,0,0,27.39,8
,04-Mar-23,404-96-2550-44542,0,0,0,0,100,99.03,10.07,48,0,39,2,0,0,20.88,48
GLA54C,28-Feb-23,404-96-2550-44543,0,0,0,0,93.75,94.41,40.7,80,0,110,2,0.12,0,62.09,75
,01-Mar-23,404-96-2550-44543,0,0,0,0,95.83,94.78,15.17,24,0,30,2,0,0,35.01,23
,02-Mar-23,404-96-2550-44543,0,0.48,0,0,87.18,92.53,18.37,39,0,57,2,0,0,26.55,34
,03-Mar-23,404-96-2550-44543,0,0,0,0,100,90.44,17.89,16,0,30,2,0,0,53.26,16
,04-Mar-23,404-96-2550-44543,0,0.23,0,0,94.74,90.43,18.43,57,0,40,2,0,0,43.78,54
GHAG31A,28-Feb-23,404-96-2540-48311,0,0.11,0,0.3,95.23,97.02,104.99,713,1,207,2,1.13,0,199.12,679
,01-Mar-23,404-96-2540-48311,0,0,0,0.46,91.17,97.54,111.73,623,0,182,2,2.37,0,178.4,568
,02-Mar-23,404-96-2540-48311,0,0.3,0,0.16,94.08,97.24,110.13,642,0,156,2,1.52,0,164.84,604
,03-Mar-23,404-96-2540-48311,0,0,10.96,0.16,95.13,97.28,122.14,636,1,202,2,0.74,0,236.72,605
,04-Mar-23,404-96-2540-48311,0,0,0,0.17,95.51,97.48,103.36,712,0,267,2,1.64,0,237.06,680
GHAG31B,28-Feb-23,404-96-2540-48312,0,0.16,0,0,90.08,95.33,80.19,242,0,138,2,0.8,0,123.2,218
,01-Mar-23,404-96-2540-48312,0,0.12,0,0,85.36,95.98,82.28,485,3,254,2,1.6,0,214.83,414
,02-Mar-23,404-96-2540-48312,0,0,0,0.39,89.63,95.57,94.73,270,0,131,2,0.5,0,158.89,242
,03-Mar-23,404-96-2540-48312,0,0.22,0,0.39,90.5,95.76,77.61,242,2,146,2,0.35,0,121.69,219
,04-Mar-23,404-96-2540-48312,0,0,0,0.85,90.42,95.6,85.24,261,0,190,2,1.04,0,126.52,236
GHAG31C,28-Feb-23,404-96-2540-48313,0,0,0,0.82,96.54,97.09,88.65,405,0,221,2,1.27,0,176.92,391
,01-Mar-23,404-96-2540-48313,0,0,0,0.66,93.73,97.26,81.48,303,2,193,2,0.68,0,119.79,284
,02-Mar-23,404-96-2540-48313,0,0,0,0.5,96.46,96.82,86.58,311,0,133,2,0.87,0,112.78,300
,03-Mar-23,404-96-2540-48313,0,0.16,0,0.35,95.09,97.05,83.14,265,1,220,2,0.98,0,141.22,252
,04-Mar-23,404-96-2540-48313,0,0,0,0.5,96.91,96.97,83.26,356,0,189,2,0.93,0,126.41,345
GJRD62A,28-Feb-23,404-96-2470-51621,0,0,0,0,96.09,93.8,42.02,179,0,137,2,0,0,76.81,172
,01-Mar-23,404-96-2470-51621,0,0,0,0,92.59,93.47,40.05,135,1,61,2,0,0,43.94,125
,02-Mar-23,404-96-2470-51621,0,0,0,0.55,98.25,92.4,43.61,114,0,74,2,0,0,59.04,112
,03-Mar-23,404-96-2470-51621,0,0,0,0.55,94.62,93.47,49.39,93,1,82,2,0,0,69.82,88
,04-Mar-23,404-96-2470-51621,0,0.27,0,0.95,92.05,93.71,44.95,88,1,117,2,0,0,60.58,81
GJRD62B,28-Feb-23,404-96-2470-51622,0,0,0,0,91.89,98.33,14.61,37,1,43,2,0,0,39.33,34
,01-Mar-23,404-96-2470-51622,0,0,0,0.78,94.44,97.97,21.26,36,0,62,2,0,0,37.3,34
,02-Mar-23,404-96-2470-51622,0,0,0,0.78,87.76,97.02,22.66,49,0,54,2,0,0,37.71,43
,03-Mar-23,404-96-2470-51622,0,0,0,0.78,93.48,97.12,18.84,46,1,41,2,0,0,40.86,43
,04-Mar-23,404-96-2470-51622,0,0,0,0.81,94.2,97.34,22.73,69,0,49,2,0,0,60.58,65
GJRD62C,28-Feb-23,404-96-2470-51623,0,0,0,2.62,98.68,87.34,14.22,76,1,25,2,0,0,23.68,75
,01-Mar-23,404-96-2470-51623,0,0,0,2.57,91.67,88.91,15.4,36,0,37,2,0,0,24.66,33
,02-Mar-23,404-96-2470-51623,0,0,0,2.57,94.74,86.44,15.3,19,0,37,2,0,0,26.98,18
,03-Mar-23,404-96-2470-51623,0,0,0,1.33,90,89.47,14.21,40,0,32,2,0,0,24.43,36
,04-Mar-23,404-96-2470-51623,0,0,0,0,92,90.25,16.71,50,0,34,2,0,0,28.64,46
HADW36A,28-Feb-23,404-96-2680-29361,0,0,0,0,92.11,98.15,19.66,38,0,33,2,0,0,50.42,35
,01-Mar-23,404-96-2680-29361,0,0,0,0,90.36,98.22,15.76,83,0,42,2,0,0,31.58,75
,02-Mar-23,404-96-2680-29361,0,0,0,0,92.86,97.18,22.66,28,0,45,2,0,0,44.88,26
,03-Mar-23,404-96-2680-29361,0,0,0,0,93.1,97.52,18.72,87,0,64,2,0,0,42.94,81
,04-Mar-23,404-96-2680-29361,0,0,0,0,100,97.58,19.1,63,0,43,2,0,0,48.55,63
HADW36B,28-Feb-23,404-96-2680-29362,0,0,0,2.3,94.57,99.46,24.44,92,2,49,2,0,0,50.69,87
,01-Mar-23,404-96-2680-29362,0,0,0,3.66,85.71,99.44,18.99,168,0,48,2,0,0,53.09,144
,02-Mar-23,404-96-2680-29362,0,0,0,1.36,82.35,99.39,15.97,85,0,18,2,0,0,46.38,70
,03-Mar-23,404-96-2680-29362,3.29,0,0,1.36,68.75,98.94,18.04,48,8,35,2,0,300,33.44,33
,04-Mar-23,404-96-2680-29362,0,0,0,7.62,88.29,98.92,18.23,111,0,23,2,0,0,44.97,98
HADW36C,28-Feb-23,404-96-2680-29363,0,0,0,2.75,94.87,98.7,23.16,78,1,60,2,0,0,45.26,74
,01-Mar-23,404-96-2680-29363,0,0,0,3.31,95,98.49,31.25,40,0,29,2,0,0,66.77,38
,02-Mar-23,404-96-2680-29363,0,0,0,2.64,93.62,99,22.7,47,0,41,2,0,0,37.8,44
,03-Mar-23,404-96-2680-29363,0,0,0,0.56,98.9,98.97,20.23,91,0,47,2,0,0,47.22,90
,04-Mar-23,404-96-2680-29363,0,0,0,0,100,99.27,19.7,63,0,66,2,0,0,38.12,63
HAIB67A,28-Feb-23,404-96-1670-15671,0,0,0,1.59,97.06,94.64,15.39,34,0,48,2,0,0,24.22,33
,01-Mar-23,404-96-1670-15671,0,0,0,0,94.74,94.57,15.34,19,1,37,2,0,0,31.05,18
,02-Mar-23,404-96-1680-14421,0,0,0,0.9,97.44,94.37,11.72,39,0,40,2,0,0,22.54,38
,03-Mar-23,404-96-1680-14421,0,0,0,0.9,100,94.73,14.12,22,0,65,2,0,0,20.8,22
,04-Mar-23,404-96-1680-14421,0,,,0.9,,94.39,16.83,0,0,0,2,,0,33.93,0
HAIB67B,28-Feb-23,404-96-1670-15672,0,0,0,0,94,98.5,10.4,50,0,12,2,0,0,22.83,47
,01-Mar-23,404-96-1670-15672,0,0,0,0,100,98.42,13.48,50,0,56,2,0,0,30.66,50
,02-Mar-23,404-96-1680-14422,0,0,0,0,97.01,99.06,15.64,67,0,18,2,0,0,32.85,65
,03-Mar-23,404-96-1680-14422,0,0,0,0,98.86,98.7,18.64,88,0,58,2,0,0,38.65,87
,04-Mar-23,404-96-1680-14422,0,0,0,0,97.73,98.56,9.66,44,0,29,2,0,0,26.01,43
HAIB67C,28-Feb-23,404-96-1670-15673,0,0,0,0,85.19,95.68,36.38,54,0,90,2,0,0,62.81,46
,01-Mar-23,404-96-1670-15673,0,0,0,0,92,96.41,31.94,25,0,119,2,0,0,61.05,23
,02-Mar-23,404-96-1680-14423,0,0,0,0,81.82,95.51,41.36,22,0,65,2,0,0,68.76,18
,03-Mar-23,404-96-1680-14423,0,0,0,0,74.07,94.57,36.05,27,0,105,2,0,0,91.65,20
,04-Mar-23,404-96-1680-14423,0,0,0,0,92.86,92.95,23.37,28,0,78,2,0,0,44.28,26
HASS61A,28-Feb-23,404-96-2580-21611,0,0,0,2.38,96.59,92,16.05,88,0,68,2,0,0,34.68,85
,01-Mar-23,404-96-2580-21611,0,0.88,0,1.55,95.05,92.19,18.72,101,0,58,2,0,0,47.52,96
,02-Mar-23,404-96-2580-21611,0,0,1.96,1.06,95.54,91.27,22.11,112,0,50,2,0,0,50.77,107
,03-Mar-23,404-96-2580-21611,0,0,0,0,93.48,92.4,19.82,92,0,50,2,0,0,42.46,86
,04-Mar-23,404-96-2580-21611,0,0,0,0,95.29,91.69,20.99,85,1,38,2,0,0,33.28,81
HASS61B,28-Feb-23,404-96-2580-21612,0,0,0,0.71,93.59,97.28,25.89,78,1,96,2,0,0,50.73,73
,01-Mar-23,404-96-2580-21612,0,0.71,0,1.06,100,97.55,27.83,123,1,62,2,0,0,46.99,123
,02-Mar-23,404-96-2580-21612,0,0,0,1.59,96.3,96.85,24.42,54,0,58,2,0,0,35.8,52
,03-Mar-23,404-96-2580-21612,0,0,0,0.88,98.89,96.79,20.33,90,0,55,2,0,0,34.58,89
,04-Mar-23,404-96-2580-21612,0,0,0,0.54,98.82,96.4,29.03,85,0,57,2,0,0,43.4,84
HASS61C,28-Feb-23,404-96-2580-21613,0,0,0,0.74,88.24,96.64,29.13,68,0,48,2,0,0,72.94,60
,01-Mar-23,404-96-2580-21613,0,0,2.83,0,90,96.59,20.95,110,1,102,2,0,0,45.21,99
,02-Mar-23,404-96-2580-21613,0,0.96,0,0.33,83.8,96.08,31.46,179,0,96,2,0,0,52.32,150
,03-Mar-23,404-96-2580-21613,0,0,0,0.33,83.15,95.86,27.19,89,1,63,2,0,0,43.07,74
,04-Mar-23,404-96-2580-21613,0,0,0,0.86,94.23,96.29,32.21,52,0,68,2,0,0,48.17,49
HNGL85A,28-Feb-23,404-96-2600-49851,0,0,0,0,98.47,95.4,33.23,131,0,79,2,0,0,57.4,129
,01-Mar-23,404-96-2600-49851,0,0.45,0,0,98.48,95.27,29.24,66,1,90,2,0,0,39.15,65
,02-Mar-23,404-96-2600-49851,0,0,0,0.37,97.06,95.02,30.66,136,1,68,2,0,0,54.17,132
,03-Mar-23,404-96-2600-49851,0,0,0,0.86,96.88,94.98,34.43,64,0,57,2,0,0,62.53,62
,04-Mar-23,404-96-2600-49851,0,0,0,0.86,98.91,95.06,32.11,92,0,87,2,0,0,56.49,91
HNGL85B,28-Feb-23,404-96-2600-49852,0,0,0,0.27,97.87,99.05,53.48,141,0,106,2,0,0,98.75,138
,01-Mar-23,404-96-2600-49852,0,0,0,0.27,96.47,98.94,49.29,85,1,142,2,0,0,121.53,82
,02-Mar-23,404-96-2600-49852,0,0,0,0.23,93.18,98.98,48.66,132,0,137,2,0,0,104.39,123
,03-Mar-23,404-96-2600-49852,0,0,0,0.23,100,98.63,56.95,149,1,183,2,0,0,128.13,149
,04-Mar-23,404-96-2600-49852,0,0,0,0.42,96.75,98.63,56.77,123,0,166,2,0,0,139.4,119
HNGL85C,28-Feb-23,404-96-2600-49853,0,0,0,2.49,94.29,93.67,13.83,35,0,52,2,0,0,36.61,33
,01-Mar-23,404-96-2600-49853,0,0,0,1.51,93.1,94.91,14.01,29,0,26,2,0,0,26.37,27
,02-Mar-23,404-96-2600-49853,0,0,0,0.98,100,95.58,15.15,12,0,18,2,0,0,35.35,12
,03-Mar-23,404-96-2600-49853,0,1.01,0,0,92.86,96.38,17.3,28,0,58,2,0,0,46.12,26
,04-Mar-23,404-96-2600-49853,0,0,0,0,87.5,95.94,16.34,24,0,45,2,0,0,36.87,21
HSNP50A,28-Feb-23,404-96-2470-52501,0,0,0,3.17,94.44,95.36,17.12,18,1,32,2,0,0,34.13,17
,01-Mar-23,404-96-2470-52501,0,0,0,2.62,69.23,95.25,22.59,13,2,49,2,0,0,52.36,9
,02-Mar-23,404-96-2470-52501,0,0,0,3.3,100,96.37,25.45,22,1,59,2,0,0,37.36,22
,03-Mar-23,404-96-2470-52501,0,0,0,2.97,93.55,95.14,27.16,31,2,89,2,0,0,40.64,29
,04-Mar-23,404-96-2470-52501,0,0,0,2.67,95,95.74,26,20,0,46,2,0,0,44.67,19
HSNP50B,28-Feb-23,404-96-2470-52502,0,0,0,4.12,100,95.27,13.31,9,0,27,2,0,0,24.33,9
,01-Mar-23,404-96-2470-52502,0,0,0,2.67,100,95.28,14.23,13,0,40,2,0,0,20.23,13
,02-Mar-23,404-96-2470-52502,0,0,0,0.71,100,95.48,12.22,19,0,61,2,0,0,21.17,19
,03-Mar-23,404-96-2470-52502,0,0,0,0,92.59,94.77,14.3,27,0,31,2,0,0,31.1,25
,04-Mar-23,404-96-2470-52502,0,0.59,0,0,90.48,94.46,17.56,21,1,72,2,0,0,45.35,19
HSNP50C,28-Feb-23,404-96-2470-52503,0,0.66,0,1.06,80.95,97.13,23.64,42,0,94,2,0,0,52.64,34
,01-Mar-23,404-96-2470-52503,0,0,0,0.63,91.84,97.56,31.12,49,0,52,2,0,0,51.8,45
,02-Mar-23,404-96-2470-52503,0,0,0,0,86.36,97.59,35.54,22,1,31,2,0,0,52.61,19
,03-Mar-23,404-96-2470-52503,0,0,0,1.08,97.37,98.46,29.72,38,0,87,2,0,0,49.69,37
,04-Mar-23,404-96-2470-52503,0,0,0,1.08,93.55,98.55,24.37,31,0,58,2,0,0,36.26,29
HUMA76A,28-Feb-23,404-96-2760-49761,0,0,0,1.68,94.74,94.12,50.34,228,3,117,2,0.29,0,84.1,216
,01-Mar-23,404-96-2760-49761,0,0,0,1.97,93.67,94.64,54.45,300,0,154,2,0,0,87.74,281
,02-Mar-23,404-96-2760-49761,0,0.28,0,1.14,93.64,95.29,52.36,283,3,93,2,0.64,0,82.21,265
,03-Mar-23,404-96-2760-49761,0,0,0,1.93,92.89,94.33,56.55,239,4,104,2,0,0,81.12,222
,04-Mar-23,404-96-2760-49761,0,0.23,0,2.36,93.91,92.91,65.5,312,1,115,2,0.09,0,102.23,293
HUMA76B,28-Feb-23,404-96-2760-49762,0,0.14,0,1.67,93.64,93.5,87.5,346,2,160,2,0.64,0,122.99,324
,01-Mar-23,404-96-2760-49762,0,0,0,1.89,98.65,94,89.66,222,0,130,2,0.21,0,119.01,219
,02-Mar-23,404-96-2760-49762,0,0.15,0,1.55,96.87,94.43,86.61,415,0,167,2,0.41,0,178.67,402
,03-Mar-23,404-96-2760-49762,0,0,0,0.42,93.67,94.16,87.25,332,0,240,2,1.33,0,155.8,311
,04-Mar-23,404-96-2760-49762,0,0.24,0,0,91.07,94.34,92.95,168,1,150,2,0.39,0,147.05,153
HUMA76C,28-Feb-23,404-96-2760-49763,0,0,0,1.42,92.93,92.7,51.86,198,0,137,2,0.63,0,92.98,184
,01-Mar-23,404-96-2760-49763,0,0.21,0,1.42,86.16,92.84,61.16,159,0,121,2,0.59,0,87.97,137
,02-Mar-23,404-96-2760-49763,0,0,0,0.48,88.62,93.43,55.84,167,0,73,2,0.9,0,77.99,148
,03-Mar-23,404-96-2760-49763,0,0,0,0,87.32,93.23,55.21,213,0,107,2,0.31,0,87.28,186
,04-Mar-23,404-96-2760-49763,0,0,0,0,91.67,92.27,56.84,132,0,85,2,0.33,0,87.53,121
IOCL93A,28-Feb-23,404-96-1450-49931,0,0,0,0,88.73,94.49,229.14,497,0,467,5,0.99,0,119.63,441
,01-Mar-23,404-96-1450-49931,0,0,0,0,93.19,94.6,277.31,382,0,699,5,1.05,0,133.44,356
,02-Mar-23,404-96-1450-49931,0,0,0,0,89.22,94.74,267.93,371,0,529,5,1.24,0,133.46,331
,03-Mar-23,404-96-1450-49931,0,0,0,0,92.37,93.98,281.47,393,0,726,5,1.18,0,132.44,363
,04-Mar-23,404-96-1450-49931,0,0,0,0,91.37,93.29,280.91,371,0,609,5,0.42,0,127.57,339
IOCL93B,28-Feb-23,404-96-1450-49932,0,0,0,0,93.7,92.92,194.71,476,0,434,4,2.35,0,148.15,446
,01-Mar-23,404-96-1450-49932,0,0,0,0,95.83,92.91,197.9,408,0,412,4,2,0,150.5,391
,02-Mar-23,404-96-1450-49932,0,0,0,0,97.41,93.72,211.93,502,0,500,4,2.4,0,152,489
,03-Mar-23,404-96-1450-49932,0,0,0,0,94.07,93.89,192.08,405,0,423,4,1.15,0,168.04,381
,04-Mar-23,404-96-1450-49932,0,0.11,0,0,95.14,93.86,184.12,473,0,469,4,2.69,0,152.88,450
IOCL93C,28-Feb-23,404-96-1450-49933,0,0,0,0,87.97,93.7,227,640,0,533,4,0.51,0,143.2,563
,01-Mar-23,404-96-1450-49933,1.57,0.3,0,0,85.12,95.63,248.56,336,14,601,4,1.72,54,165.03,286
,02-Mar-23,404-96-1450-49933,0,0,0,0.78,78.93,94.56,272.85,356,0,665,4,0.95,0,166.16,281
,03-Mar-23,404-96-1450-49933,0,0,0,0.78,79.67,91.58,266.06,369,0,557,4,1.17,0,157.85,294
,04-Mar-23,404-96-1450-49933,0,0,0.9,0.78,75.45,88.49,279.91,554,0,771,4,1.02,0,204.38,418
JAND18A,28-Feb-23,404-96-1780-31181,0,0,0,1.08,100,98.31,6.16,1,0,12,2,0,0,15.23,1
,01-Mar-23,404-96-1780-31181,0,0,0,0,,99.55,7.05,0,0,16,2,0,0,19.35,0
,02-Mar-23,404-96-1780-31181,0,0,0,0,100,98.96,1.87,1,0,9,2,0,0,3.75,1
,03-Mar-23,404-96-1780-31181,0,0,0,0,100,98.85,2.36,2,0,3,2,0,0,6.73,2
,04-Mar-23,404-96-1780-31181,0,0,0,0,100,98.65,1.99,1,0,13,2,0,0,6.16,1
JAND18B,28-Feb-23,404-96-1780-31182,0,0,0,0,100,99.64,24.17,29,0,47,2,0,0,47.3,29
,01-Mar-23,404-96-1780-31182,0,0,0,0,93.55,99.41,23.82,31,0,26,2,0,0,42.15,29
,02-Mar-23,404-96-1780-31182,0,0,0,0,100,98.95,21.59,41,0,37,2,0,0,32.19,41
,03-Mar-23,404-96-1780-31182,0,0,0,0,100,98.03,20.29,35,0,25,2,0,0,35.08,35
,04-Mar-23,404-96-1780-31182,0,0,0,0,94.44,98.33,20.22,18,0,51,2,0,0,37.51,17
JAND18C,28-Feb-23,404-96-1780-31183,0,0,0,0,95.24,96.9,13.46,21,0,60,2,0,0,26.74,20
,01-Mar-23,404-96-1780-31183,0,1.32,0,0,100,96.65,14.69,32,0,36,2,0,0,24.78,32
,02-Mar-23,404-96-1780-31183,0,0,0,0,100,97.15,13.62,19,0,45,2,0,0,27.5,19
,03-Mar-23,404-96-1780-31183,0,0,0,0,100,98.59,14.29,27,0,30,2,0,0,32.38,27
,04-Mar-23,404-96-1780-31183,0,0,0,0,100,99.49,14.8,15,1,34,2,0,0,29.96,15
JDRI40A,28-Feb-23,404-96-2300-45401,,,,,,,,,,,,,,,
,01-Mar-23,404-96-2300-45401,,,,,,,,,,,,,,,
,02-Mar-23,404-96-2300-45401,,,,,,,,,,,,,,,
,03-Mar-23,404-96-2300-45401,0,0,0,,,,2.86,0,0,10,2,0,0,16.99,0
,04-Mar-23,404-96-2300-45401,0,0,0,0,,98.18,6.48,0,0,9,2,0,0,15.66,0
JDRI40B,28-Feb-23,404-96-2300-45402,,,,,,,,,,,,,,,
,01-Mar-23,404-96-2300-45402,,,,,,,,,,,,,,,
,02-Mar-23,404-96-2300-45402,,,,,,,,,,,,,,,
,03-Mar-23,404-96-2300-45402,0,0,0,,,,11.63,0,0,36,2,0,0,29.08,0
,04-Mar-23,404-96-2300-45402,0,0,0,0,,94.81,29.99,0,1,64,2,0,0,46.78,0
JDRI40C,28-Feb-23,404-96-2300-45403,,,,,,,,,,,,,,,
,01-Mar-23,404-96-2300-45403,,,,,,,,,,,,,,,
,02-Mar-23,404-96-2300-45403,,,,,,,,,,,,,,,
,03-Mar-23,404-96-2300-45403,0,0,0,,,,17.53,0,0,46,2,0,0,40.98,0
,04-Mar-23,404-96-2300-45403,0,0,0,0,,98.87,22.64,0,0,42,2,0,0,41.03,0
JHAM94A,28-Feb-23,404-96-2550-57941,0.39,0.03,2.52,0.16,95.48,96.25,160.25,155,4,618,2,0,0,302.4,148
,01-Mar-23,404-96-2550-57941,0,0,0,0.38,75.61,96.13,34.48,41,0,83,2,0,0,51.89,31
,02-Mar-23,404-96-2550-57941,0,0,0,0.38,94.96,96.29,32.2,119,0,157,2,0,0,49.15,113
,03-Mar-23,404-96-2550-57941,0,0,0,0.22,97.56,95.24,34.99,41,0,94,2,0,0,50.09,40
,04-Mar-23,404-96-2550-57941,0,0,0,0,94.59,96.19,25.59,37,0,84,2,0,0,45.13,35
JHAM94B,28-Feb-23,404-96-2550-57942,0,0,0,0.54,89.19,96.09,110.63,37,0,149,2,0,0,147.68,33
,01-Mar-23,404-96-2550-57942,0,0,0,0.28,100,97.25,36.31,28,1,69,2,0,0,81.22,28
,02-Mar-23,404-96-2550-57942,0,0,0,0.77,92.59,96.85,39.31,27,1,79,2,0,0,73.13,25
,03-Mar-23,404-96-2550-57942,0,0,0,0.91,88.89,96.68,36.25,18,1,67,2,0,0,66.55,16
,04-Mar-23,404-96-2550-57942,0,0,0,1.4,84,95.7,32.05,25,0,70,2,0,0,47.9,21
JHAM94C,28-Feb-23,404-96-2550-57943,0,0,0,0.62,83.87,97.95,68.57,62,1,145,2,0,0,142.49,52
,01-Mar-23,404-96-2550-57943,0,0,0,0.85,88.89,98.37,22.38,36,1,34,2,0,0,56.21,32
,02-Mar-23,404-96-2550-57943,0,0.19,0,1.21,85.71,98.08,20.97,14,0,80,2,0,0,46.22,12
,03-Mar-23,404-96-2550-57943,0,0,0,1.21,88.24,95.87,21.29,17,0,42,2,0,0,50.02,15
,04-Mar-23,404-96-2550-57943,0,0,0,0.98,93.75,95.99,18.47,32,0,25,2,0,0,41.35,30
JNGC65A,28-Feb-23,404-96-2400-45651,0,0,0,0.62,93.94,95.5,26.51,66,0,77,2,0,0,50.89,62
,01-Mar-23,404-96-2400-45651,0,0,0,0.62,84.44,94.52,28.12,45,0,86,2,0,0,50.41,38
,02-Mar-23,404-96-2400-45651,0,0,0,0,98.36,93.49,26.6,61,0,73,2,0,0,56.64,60
,03-Mar-23,404-96-2400-45651,0,0,0,0,96.88,94.05,26.49,64,0,98,2,0,0,44.83,62
,04-Mar-23,404-96-2400-45651,0,0,0,0,94.59,94.8,24.18,37,0,52,2,0,0,44.77,35
JNGC65B,28-Feb-23,404-96-2400-45652,0,0,0,0.93,97.5,96.11,14.79,40,0,27,2,0.14,0,24.24,39
,01-Mar-23,404-96-2400-45652,0,0,0,0,93.33,96.46,22.22,75,0,30,2,0.21,0,31.71,70
,02-Mar-23,404-96-2400-45652,0,0,0,0,90.48,95.78,20.64,42,0,69,2,0,0,32.02,38
,03-Mar-23,404-96-2400-45652,0,0,0,0,94.74,95.84,19.95,38,0,48,2,0,0,41.69,36
,04-Mar-23,404-96-2400-45652,0,0,0,0,90.74,95.76,19.62,54,0,36,2,0,0,31.29,49
JNGC65C,28-Feb-23,404-96-2400-45653,0,0,0,0,84.06,96.67,34.24,69,0,159,2,0,0,69.99,58
,01-Mar-23,404-96-2400-45653,0,0,0,0,87.69,95.92,39.44,65,0,101,2,0,0,84.55,57
,02-Mar-23,404-96-2400-45653,0,0,0,0,95.65,96.01,34.55,92,0,155,2,0.17,0,70.7,88
,03-Mar-23,404-96-2400-45653,0,0,0,0,90.65,95.61,34.42,107,2,140,2,0,0,75.41,97
,04-Mar-23,404-96-2400-45653,0,0,0,0.48,76.71,96.03,35.94,73,0,101,2,0,0,58.09,56
KASH66A,28-Feb-23,404-96-2540-61661,0,0,0,0,92.31,96.42,2.87,78,0,22,2,0,0,21.61,72
,01-Mar-23,404-96-2540-61661,0,0,0,0,100,99.66,7.34,37,0,38,2,0,0,28.78,37
,02-Mar-23,404-96-2540-61661,0,0,0,0,100,99.65,7.09,6,0,8,2,0,0,34.84,6
,03-Mar-23,404-96-2540-61661,0,0,0,0,100,99.75,5.01,14,0,19,2,0,0,20.71,14
,04-Mar-23,404-96-2540-61661,0,0,0,0,100,99.89,3.21,6,1,14,2,0,269,21.78,6
KASH66B,28-Feb-23,404-96-2540-61662,0,0,0,0,100,91.76,2.46,28,0,18,2,0,0,21.32,28
,01-Mar-23,404-96-2540-61662,0,2.33,0,0,95.83,89.9,2.54,24,1,12,2,0,0,10.85,23
,02-Mar-23,404-96-2540-61662,0,0,0,2.78,66.67,93.57,0.96,3,0,9,2,0,0,4.37,2
,03-Mar-23,404-96-2540-61662,0,0,0,2.78,100,94.32,3.23,3,0,32,2,0,0,13.27,3
,04-Mar-23,404-96-2540-61662,0,0,0,2.78,85.71,91.17,1.36,7,0,23,2,0,0,5.23,6
KASH66C,28-Feb-23,404-96-2540-61663,0,0,0,0,100,96.1,0.5,47,0,3,2,0,0,3.05,47
,01-Mar-23,404-96-2540-61663,0,0,0,0,100,98.84,2.04,12,0,2,2,0,0,10.98,12
,02-Mar-23,404-96-2540-61663,0,0,0,0,100,99.57,0.59,11,0,1,2,0,0,3.31,11
,03-Mar-23,404-96-2540-61663,0,0,0,0,100,99.45,0.64,1,0,4,2,0,0,3.37,1
,04-Mar-23,404-96-2540-61663,0,0,0,0,0,99.45,0.14,1,0,2,2,0,966,1.15,0
KATH59A,28-Feb-23,404-96-2630-17591,0,1.69,0,,94.44,,2.89,18,1,38,2,0,566,21.52,17
,01-Mar-23,404-96-2630-17591,0,1.59,0,2.63,96.43,96.9,16.8,28,1,31,2,0,0,35.6,27
,02-Mar-23,404-96-2630-17591,0,0,0,2.93,100,96.63,11.33,16,0,26,2,0,0,23.4,16
,03-Mar-23,404-96-2630-17591,0,0,0,1.95,100,94.56,11.63,36,0,50,2,0,0,21.44,36
,04-Mar-23,404-96-2630-17591,0,0,0,1.08,89.29,94.75,10.62,28,0,20,2,0,0,23.51,25
KATH59B,28-Feb-23,404-96-2630-17592,0,0,0,,60,,4.56,5,0,44,2,0,0,21.99,3
,01-Mar-23,404-96-2630-17592,0,0,0,0,87.5,96.87,14.09,8,0,36,2,0,0,24.7,7
,02-Mar-23,404-96-2630-17592,0,0,0,0,100,96.59,14.08,1,0,43,2,0,0,30.12,1
,03-Mar-23,404-96-2630-17592,0,0,0,0,93.48,95.68,18.58,46,0,50,2,0,0,37.37,43
,04-Mar-23,404-96-2630-17592,0,0,0,0,83.33,93.97,20.45,24,0,61,2,0,0,33.7,20
KATH59C,28-Feb-23,404-96-2630-17593,0,0,0,,83.33,,6.46,18,0,20,2,0,0,28.34,15
,01-Mar-23,404-96-2630-17593,0,0.83,0,0,94.12,97.06,18.89,34,0,62,2,0,0,36.66,32
,02-Mar-23,404-96-2630-17593,0,0,0,0,88.24,98.03,15.6,17,0,27,2,0,0,42.29,15
,03-Mar-23,404-96-2630-17593,0,0,0,0,100,97.59,15.55,10,0,42,2,0,0,34.15,10
,04-Mar-23,404-96-2630-17593,0,0,0,0,89.29,95.75,23.57,28,0,66,2,0,0,73.24,25
KGWL75A,28-Feb-23,404-96-2300-47751,,,,,,,,,,,,,,,
,01-Mar-23,404-96-2300-47751,,,,,,,,,,,,,,,
,02-Mar-23,404-96-2300-47751,0,0,0,,88.46,,8.88,52,0,25,2,0,0,22.31,46
,03-Mar-23,404-96-2300-47751,0,0,0,0,91.03,98.01,14.15,78,1,42,2,0,0,21.9,71
,04-Mar-23,404-96-2300-47751,0,,,1.19,,96.38,0,0,0,0,2,,3600,,0
KGWL75B,28-Feb-23,404-96-2300-47752,,,,,,,,,,,,,,,
,01-Mar-23,404-96-2300-47752,,,,,,,,,,,,,,,
,02-Mar-23,404-96-2300-47752,0,0,0,,93.55,,11.46,31,0,69,2,0,0,25.83,29
,03-Mar-23,404-96-2300-47752,0,0,0,0,96.67,94.49,19.66,30,0,124,2,0,0,46.9,29
,04-Mar-23,404-96-2300-47752,0,,,0,,94.93,0,0,0,0,2,,3600,,0
KGWL75C,28-Feb-23,404-96-2300-47753,,,,,,,,,,,,,,,
,01-Mar-23,404-96-2300-47753,,,,,,,,,,,,,,,
,02-Mar-23,404-96-2300-47753,0,0,0,,100,,36.98,33,0,143,2,0,0,98.92,33
,03-Mar-23,404-96-2300-47753,0,0,0,0,92.31,97.61,62.13,26,0,140,2,0,0,104.19,24
,04-Mar-23,404-96-2300-47753,0,,,0,,97.87,0,0,0,0,2,,3600,,0
KHDA89A,28-Feb-23,404-96-2780-60891,0,0,0,0.79,97.05,98.52,48.12,237,0,181,2,0.08,0,107.47,230
,01-Mar-23,404-96-2780-60891,0,0,0,0.33,95.67,98.49,52.11,231,0,153,2,0.17,0,96.52,221
,02-Mar-23,404-96-2780-60891,0,0,0,0.33,97.12,98,50.05,208,1,125,2,0.27,0,93.39,202
,03-Mar-23,404-96-2780-60891,0,0,0,0.27,96.97,98.23,44.74,198,0,100,2,0.21,0,81.06,192
,04-Mar-23,404-96-2780-60891,0,0,0,0.27,94.69,98.03,45.15,207,2,130,2,0.07,0,77.01,196
KHDA89B,28-Feb-23,404-96-2780-60892,0,0,0,0.24,99.18,99.45,81.16,243,1,163,2,0.12,0,199.52,241
,01-Mar-23,404-96-2780-60892,0,0,0,0.2,98.41,99.41,76.35,252,2,161,2,0,0,159.83,248
,02-Mar-23,404-96-2780-60892,0,0,0,0.62,99.52,99.36,79.99,208,0,192,2,0,0,154.59,207
,03-Mar-23,404-96-2780-60892,0,0,0,0.62,98.06,99.36,77.58,206,0,179,2,0.51,0,158.53,202
,04-Mar-23,404-96-2780-60892,0,0,0,0.41,98.04,99.39,77.96,204,0,146,2,0.27,0,151.63,200
KHDA89C,28-Feb-23,404-96-2780-60893,0,0.32,1.93,1,93.06,93.83,138.24,562,11,297,2,0.3,0,270.74,523
,01-Mar-23,404-96-2780-60893,0,0.48,0.71,2.14,89.25,93.93,137.59,493,6,277,2,0.13,0,219.15,440
,02-Mar-23,404-96-2780-60893,0,0,0.33,2.41,94.23,93.34,137.94,693,2,300,2,0.39,0,214.81,653
,03-Mar-23,404-96-2780-60893,0,0,0.64,2.18,94.66,93.28,147.78,711,0,311,2,0.26,0,236.68,673
,04-Mar-23,404-96-2780-60893,0,0,9.38,0.94,94.13,93.07,148.23,596,3,361,2,0.35,0,295.46,561
KRSD44A,28-Feb-23,404-96-2630-58641,,,,,,,,,,,,,,,
,01-Mar-23,404-96-2630-58641,,,,,,,,,,,,,,,
,02-Mar-23,404-96-2630-58641,,,,,,,,,,,,,,,
,03-Mar-23,404-96-2630-58641,0,0,0,,,,24.39,0,1,190,2,0,0,88.45,0
,04-Mar-23,404-96-2630-58641,0,0,0,0.53,,93.68,55.92,0,0,154,2,0,0,82.29,0
KRSD44B,28-Feb-23,404-96-2630-58642,,,,,,,,,,,,,,,
,01-Mar-23,404-96-2630-58642,,,,,,,,,,,,,,,
,02-Mar-23,404-96-2630-58642,,,,,,,,,,,,,,,
,03-Mar-23,404-96-2630-58642,0,0,0,,,,24.33,0,0,120,2,0,0,109.43,0
,04-Mar-23,404-96-2630-58642,0,0,0,0,,92.98,62.75,0,0,95,2,0,0,96.49,0
KRSD44C,28-Feb-23,404-96-2630-58643,,,,,,,,,,,,,,,
,01-Mar-23,404-96-2630-58643,,,,,,,,,,,,,,,
,02-Mar-23,404-96-2630-58643,,,,,,,,,,,,,,,
,03-Mar-23,404-96-2630-58643,0,0,0,,,,30.63,0,0,237,2,0,0,108.86,0
,04-Mar-23,404-96-2630-58643,0,0,0,0,,96.73,66.92,0,2,171,2,0,0,106.88,0
LDMK42A,28-Feb-23,404-96-2540-63421,0,1.8,0,31.67,92.16,93.63,25.23,51,1,80,2,0,0,54.65,47
,01-Mar-23,404-96-2540-63421,0,0.75,0,21.53,90.91,94.32,22.82,22,1,84,2,0,0,75.58,20
,02-Mar-23,404-96-2540-63421,0,0,0,0.81,100,96.17,25.17,14,0,73,2,0,0,62.31,14
,03-Mar-23,404-96-2540-63421,0,0,0,0.81,80,94.69,27.97,30,0,46,2,0,0,63.45,24
,04-Mar-23,404-96-2540-63421,0,0,0,0.4,100,94.8,22.61,13,0,63,2,0,0,56.59,13
LDMK42B,28-Feb-23,404-96-2540-63422,0,0.62,0,22.23,90.91,97.01,25.88,22,0,65,2,0,0,59.07,20
,01-Mar-23,404-96-2540-63422,0,0,0,14.82,100,97.44,11.83,36,0,30,2,0,0,31.97,36
,02-Mar-23,404-96-2540-63422,0,0,0,0.41,100,98.42,10.22,21,0,25,2,0,0,19.96,21
,03-Mar-23,404-96-2540-63422,0,0,0,0,84.62,99.01,12.28,39,0,18,2,0,0,23.43,33
,04-Mar-23,404-96-2540-63422,0,0,0,0,100,98.65,12.43,12,0,1,2,0,0,30.4,12
LDMK42C,28-Feb-23,404-96-2540-63423,0,0,0,22.55,92.86,92.96,21.71,14,0,17,2,0,0,54.47,13
,01-Mar-23,404-96-2540-63423,0,1.01,0,15.03,100,94.44,24.61,33,1,64,2,0,0,65.94,33
,02-Mar-23,404-96-2540-63423,0,0,0,1.14,100,95.46,25.31,13,0,59,2,0,0,72.99,13
,03-Mar-23,404-96-2540-63423,0,0,0,0.52,100,96.72,29.87,17,0,31,2,0,0,74.84,17
,04-Mar-23,404-96-2540-63423,0,0,0,0.52,100,96.93,26.5,11,0,57,2,0,0,57.17,11
LHKR71A,28-Feb-23,404-96-1790-51711,0,0,0,0.26,96.41,97.37,72.8,223,0,217,2,0.37,0,154.46,215
,01-Mar-23,404-96-1790-51711,0,0,0,0.26,97.84,97.07,91.13,231,2,153,2,0.1,0,129.38,226
,02-Mar-23,404-96-1790-51711,0,0,0,0.7,97.71,96.78,80.08,218,0,213,2,0.29,0,141.56,213
,03-Mar-23,404-96-1790-51711,0,0,0,0.44,96.39,96.23,74.02,194,0,122,2,0.23,0,109.54,187
,04-Mar-23,404-96-1790-51711,0,0,0,0.44,97.01,96.43,73.51,268,1,142,2,0.09,0,104.77,260
LHKR71B,28-Feb-23,404-96-1790-51712,0,0,0.98,0.53,96.97,97.27,58.8,297,0,201,2,0,0,171.51,288
,01-Mar-23,404-96-1790-51712,0,0,0,0.53,97.64,97.8,69.14,297,0,227,2,0.14,0,147.55,290
,02-Mar-23,404-96-1790-51712,0,0.23,0,0.53,95.42,97.71,75.75,306,0,218,2,0.68,0,162.22,292
,03-Mar-23,404-96-1790-51712,0,0,0,0,96.6,97.67,67.47,294,0,222,2,0.4,0,142.69,284
,04-Mar-23,404-96-1790-51712,0,0,0,0,95.9,98.06,71.63,268,1,168,2,1.25,0,176.08,257
LHKR71C,28-Feb-23,404-96-1790-51713,0,0,0,0,96.6,96.94,29.15,147,0,63,2,0.22,0,62.8,142
,01-Mar-23,404-96-1790-51713,0,0,0,0,94.17,97.04,38.47,103,0,60,2,0.09,0,62.38,97
,02-Mar-23,404-96-1790-51713,0,0,0,0,94.63,97.01,32.98,149,1,61,2,0.69,0,57.54,141
,03-Mar-23,404-96-1790-51713,0,0,0,0.55,99.35,97.54,35.35,155,0,64,2,0.12,0,68.96,154
,04-Mar-23,404-96-1790-51713,0,0,0,0.55,94.8,97.91,33.85,173,0,52,2,0.11,0,83.01,164
LONA27A,28-Feb-23,404-96-2540-59271,0,0,0,0.97,91.92,92.11,25.76,99,0,74,2,0,0,38.94,91
,01-Mar-23,404-96-2540-59271,0,0.33,0,0.97,80,92.22,24.62,100,0,69,2,0,0,44.32,80
,02-Mar-23,404-96-2540-59271,0,0.32,0,0.41,87.12,90.77,27.74,132,0,88,2,0,0,59.25,115
,03-Mar-23,404-96-2540-59271,0,0,0,0,84.27,89.4,32.91,89,0,63,2,0,0,61.06,75
,04-Mar-23,404-96-2540-59271,0,0,0,0,89.53,90.35,30.78,86,0,71,2,0,0,44.04,77
LONA27B,28-Feb-23,404-96-2540-59272,0,0,0,0.58,87.27,96.96,14.93,55,2,31,2,0,0,28.05,48
,01-Mar-23,404-96-2540-59272,0,0,0,2.15,81.82,96.76,11.88,66,0,19,2,0,0,24.86,54
,02-Mar-23,404-96-2540-59272,0,0,0,2.15,97.7,97.09,11.98,87,0,44,2,0,0,26.39,85
,03-Mar-23,404-96-2540-59272,0,0.79,0,2.15,97.33,96.56,14.92,75,0,46,2,0,0,23.91,73
,04-Mar-23,404-96-2540-59272,0,0,0,0,85.9,96.79,14.15,78,0,60,2,0,0,29.03,67
LONA27C,28-Feb-23,404-96-2540-59273,0,5.26,0,0,91.67,97.76,4.35,36,0,12,2,0,0,11.98,33
,01-Mar-23,404-96-2540-59273,0,0,0,0,78.79,96.46,6.11,66,0,20,2,0,0,18.36,52
,02-Mar-23,404-96-2540-59273,0,0,0,0,93.33,95.23,5.05,15,0,9,2,0,0,10.37,14
,03-Mar-23,404-96-2540-59273,0,0,0,0,96.88,94.68,8.43,32,0,18,2,0,0,19.32,31
,04-Mar-23,404-96-2540-59273,0,0,0,0,95.35,96.05,5.82,43,1,14,2,0,0,10.78,41
MADA07A,28-Feb-23,404-96-2630-19071,0,1.26,0,,92.5,,27.38,40,2,147,2,0,0,98.07,37
,01-Mar-23,404-96-2630-19071,0,0.54,0,1.36,94.29,92.16,50.95,35,1,168,2,0,0,91.43,33
,02-Mar-23,404-96-2630-19071,0,0,0,0.98,85,92.24,41.98,60,1,139,2,0,0,78.11,51
,03-Mar-23,404-96-2630-19071,0,0,0,0.89,100,93.43,0.99,2,0,1,2,0,0,15.75,2
,04-Mar-23,404-96-2630-19071,,,,0.44,,95.67,,,,,,,,,
MADA07B,28-Feb-23,404-96-2630-19072,0,0,0,,82.35,,7.74,17,2,21,2,0,0,35.29,14
,01-Mar-23,404-96-2630-19072,0,0,0,9.52,98.04,91.01,14.82,51,0,20,2,0,0,32.4,50
,02-Mar-23,404-96-2630-19072,0,0,0,4.76,100,94.6,11.79,10,0,31,2,0,0,25.31,10
,03-Mar-23,404-96-2630-19072,0,0,0,3.17,100,96.04,0.01,3,0,1,2,0,0,0.22,3
,04-Mar-23,404-96-2630-19072,,,,0,,99.03,,,,,,,,,
MADA07C,28-Feb-23,404-96-2630-19073,0,0.72,0,,100,,6.23,4,0,66,2,0,0,29.29,4
,01-Mar-23,404-96-2630-19073,0,0,0,0,100,95.35,19.46,11,0,57,2,0,0,38.91,11
,02-Mar-23,404-96-2630-19073,0,0,0,0,81.25,95.89,5.65,16,0,36,2,0,0,31.38,13
,03-Mar-23,404-96-2630-19073,0,0,,0,,95.64,0,0,0,0,2,0,0,0,0
,04-Mar-23,404-96-2630-19073,,,,0,,95.79,,,,,,,,,
MAUJ06A,28-Feb-23,404-96-1760-22061,0,0,0,0,100,98.54,22.59,71,1,106,2,0,0,64.02,71
,01-Mar-23,404-96-1760-22061,0,0,0,0.31,100,99.03,24.82,43,0,58,2,0,0,50.64,43
,02-Mar-23,404-96-1760-22061,0,0,0,0.31,100,99.08,22.59,32,0,87,2,0,0,60.44,32
,03-Mar-23,404-96-1760-22061,0,0,0,0.31,97.06,99.43,32.36,34,0,81,2,0,0,76.04,33
,04-Mar-23,404-96-1760-22061,0,0,0,0,100,99.37,27.68,33,0,75,2,0,0,83.5,33
MAUJ06B,28-Feb-23,404-96-1760-22062,0,0.45,0,0,73.91,95.59,28.09,23,0,116,2,0,0,62.7,17
,01-Mar-23,404-96-1760-22062,0,0.3,0,0,61.9,94.54,24.59,21,0,96,2,0,0,56.08,13
,02-Mar-23,404-96-1760-22062,0,0.86,0,0,86.36,92.09,16.18,22,0,48,2,0,0,37.57,19
,03-Mar-23,404-96-1760-22062,0,0,0,0,88.24,93.16,22,17,0,55,2,0,0,56.08,15
,04-Mar-23,404-96-1760-22062,0,0.67,0,0,94.44,93.8,14.45,18,0,46,2,0,0,30.53,17
MAUJ06C,28-Feb-23,404-96-1760-22063,0,0,0,0,100,96.23,14.19,46,0,57,2,0,0,33.41,46
,01-Mar-23,404-96-1760-22063,0,0,0,0,100,95.83,15.36,45,0,43,2,0,0,43.46,45
,02-Mar-23,404-96-1760-22063,0,0,0,0,98.48,97.13,16.92,66,0,75,2,0,0,46.32,65
,03-Mar-23,404-96-1760-22063,0,0,0,0,92.5,98.11,15.26,40,0,49,2,0,0,38.3,37
,04-Mar-23,404-96-1760-22063,0,0,0,0,97.5,98.36,15.72,40,0,43,2,0,0,28.75,39
MAUJ39A,28-Feb-23,404-96-1760-39391,0,0,0,0.5,86.67,95.33,20.55,45,2,74,2,0,0,40.33,39
,01-Mar-23,404-96-1760-39391,0,0,0,1.4,100,95.27,17.43,35,0,38,2,0,0,29.08,35
,02-Mar-23,404-96-1760-39391,0,0,0,0.9,97.37,95.74,21.25,76,0,106,2,0.07,0,33.81,74
,03-Mar-23,404-96-1760-39391,0,0,0,0.9,87.5,95.78,19.09,24,0,79,2,0.12,0,33.75,21
,04-Mar-23,404-96-1760-39391,0,0.39,0,0,97.83,96.83,17.35,46,0,70,2,0.19,0,24.22,45
MAUJ39B,28-Feb-23,404-96-1760-39392,0,0,0,2.3,71.7,94.83,19.89,53,0,48,2,0.33,0,39.32,38
,01-Mar-23,404-96-1760-39392,0,0,0,2.3,100,94.72,15.29,46,0,39,2,0.19,0,24.18,46
,02-Mar-23,404-96-1760-39392,0,0,0,0,80.95,96.59,15.3,42,0,76,2,0.25,0,27.25,34
,03-Mar-23,404-96-1760-39392,0,0,0,0,83.78,95.87,13.2,37,0,51,2,0.07,0,17.39,31
,04-Mar-23,404-96-1760-39392,0,0.44,0,0,83.33,94.08,15.44,66,0,64,2,0,0,26.91,55
MAUJ39C,28-Feb-23,404-96-1760-39393,0,0,0,0,91.53,96.84,8.06,59,2,19,2,0,0,17.66,54
,01-Mar-23,404-96-1760-39393,0,0,0,3.51,100,96.46,6.3,33,0,16,2,0,0,14.52,33
,02-Mar-23,404-96-1760-39393,0,0,0,3.51,94.23,95,7.65,52,0,31,2,0,0,13.95,49
,03-Mar-23,404-96-1760-39393,0,0,0,3.51,95.89,94.88,8.71,73,0,18,2,0,0,17.95,70
,04-Mar-23,404-96-1760-39393,0,0,0,0,94.12,95.09,8.19,51,0,26,2,0.05,0,18.55,48
MKPR49A,28-Feb-23,404-96-2400-53491,0,0,0,1.15,30.99,95.66,48.44,71,1,125,2,0,0,122.36,22
,01-Mar-23,404-96-2400-53491,0,0,0,1.41,31.03,95.67,49.9,29,1,138,2,0,0,91.7,9
,02-Mar-23,404-96-2400-53491,0,0,0,1.18,11.54,95.64,53.39,26,1,67,2,0,0,78.13,3
,03-Mar-23,404-96-2400-53491,0,0,0,1.01,59.09,95.86,48.84,44,1,145,2,0,0,84.75,26
,04-Mar-23,404-96-2400-53491,0,0,0,0.97,22.95,95.51,48.89,61,0,95,2,0,0,83.49,14
MKPR49B,28-Feb-23,404-96-2400-53492,0,0.55,0,0.41,90,93.61,30.14,40,0,74,2,0,0,56.07,36
,01-Mar-23,404-96-2400-53492,0,0,0,0,100,92.35,18.4,20,0,36,2,0,0,35.52,20
,02-Mar-23,404-96-2400-53492,0,0,0,0,100,93.17,23.3,36,0,69,2,0,0,49.45,36
,03-Mar-23,404-96-2400-53492,0,0,0,0,95.92,91.83,25,49,0,86,2,0,0,49.95,47
,04-Mar-23,404-96-2400-53492,0,0,0,0,97.14,92.81,21.3,35,1,58,2,0,0,50.11,34
MKPR49C,28-Feb-23,404-96-2400-53493,0,0,0,1.34,95.24,95.22,47.9,42,1,96,2,0,0,98.83,40
,01-Mar-23,404-96-2400-53493,0,0,0,1.29,96.49,95.63,44.82,57,0,80,2,0,0,108.42,55
,02-Mar-23,404-96-2400-53493,0,0,0,1.29,98.73,95.76,36.93,79,0,134,2,0,0,96.39,78
,03-Mar-23,404-96-2400-53493,0,0,0,0.35,98.15,95.1,41.47,54,0,91,2,0,0,106.23,53
,04-Mar-23,404-96-2400-53493,0,0,0,0,92.25,95.98,42.97,129,0,130,2,0,0,131.91,119
MKRA03A,28-Feb-23,404-96-2760-50031,0,0,0,1.38,91.18,94.93,78.37,374,0,169,2,1.41,0,136.48,341
,01-Mar-23,404-96-2760-50031,0,0.12,0,0.9,97.4,94.97,84.82,423,0,152,2,1.96,0,162.93,412
,02-Mar-23,404-96-2760-50031,0,0.13,0,0.72,95.37,94.97,83.26,367,0,182,2,0.94,0,117.64,350
,03-Mar-23,404-96-2760-50031,0,0,0,0,97.65,94.93,80.02,468,0,201,2,1.91,0,173.81,457
,04-Mar-23,404-96-2760-50031,0.47,0,0,0,92.64,95.02,84.37,435,2,150,2,0.97,0,185.03,403
MKRA03B,28-Feb-23,404-96-2760-50032,0,0,0,1.02,95.96,95.31,91.88,495,0,212,2,0.46,0,157.26,475
,01-Mar-23,404-96-2760-50032,0,0.2,0,0.67,95.64,95.35,96.01,390,3,268,2,1.01,0,126.18,373
,02-Mar-23,404-96-2760-50032,0,0.48,0.43,0.37,95.46,95.24,99.22,485,1,228,2,0.62,0,165.62,463
,03-Mar-23,404-96-2760-50032,0,0.27,0,0.52,96.12,95.5,83.47,438,4,166,2,0.12,0,143.03,421
,04-Mar-23,404-96-2760-50032,0,0,0,1.32,95.52,95.37,82.11,335,4,198,2,0.45,0,132.26,320
MKRA03C,28-Feb-23,404-96-2760-50033,0,0,0,0.22,95.1,96.45,77.56,734,1,206,2,2.42,0,114.73,698
,01-Mar-23,404-96-2760-50033,0,0,0,0.38,96.16,96.18,76.57,782,0,217,2,0.89,0,147.46,752
,02-Mar-23,404-96-2760-50033,0,0,0,0.16,95.68,96.38,76.61,602,0,174,2,0.55,0,135.77,576
,03-Mar-23,404-96-2760-50033,0,0,0,0.16,96.95,96.12,71.2,754,0,180,2,0.54,0,131.17,731
,04-Mar-23,404-96-2760-50033,0,0.23,0,0,95.68,96.4,70.03,556,1,147,2,0.59,0,104.51,532
MLKA07A,28-Feb-23,404-96-2550-59071,0,0,1.34,0.36,93.99,94.3,135.19,682,0,468,2,0,0,190.61,641
,01-Mar-23,404-96-2550-59071,0,0,0,0.36,93.7,94.28,65.79,365,0,259,2,0,0,115.9,342
,02-Mar-23,404-96-2550-59071,0,0,0,0,96.13,93.5,57.2,310,0,147,2,0.35,0,113.74,298
,03-Mar-23,404-96-2550-59071,0,0.22,0,0,93.91,93.04,62.95,230,1,136,2,0,0,115.42,216
,04-Mar-23,404-96-2550-59071,0,0,0,0.25,97.39,94.15,57.59,306,0,158,2,0,0,109.11,298
MLKA07B,28-Feb-23,404-96-2550-59072,0,0,1.01,0,100,95.7,75.1,68,1,98,2,0,0,174.59,68
,01-Mar-23,404-96-2550-59072,0,0,0,0.34,92.86,97.23,70.46,28,0,119,2,0,0,165.25,26
,02-Mar-23,404-96-2550-59072,0,0,0,0.34,85.71,98.25,69.56,7,0,84,2,0,0,141.94,6
,03-Mar-23,404-96-2550-59072,0,0.39,0,0.34,90.62,98.17,71.46,32,1,159,2,0,0,143.55,29
,04-Mar-23,404-96-2550-59072,0,0,0,0.21,97.1,97.86,58.23,69,0,157,2,0,0,132.84,67
MLKA07C,28-Feb-23,404-96-2550-59073,0,0,4.65,1.51,98.72,96.8,140.14,469,1,287,2,0,0,216.72,463
,01-Mar-23,404-96-2550-59073,0,0.19,0,0.77,97.44,96.73,87.01,351,3,159,2,0,0,181.75,342
,02-Mar-23,404-96-2550-59073,0,0,0,1.16,97.87,97.06,83.96,328,0,173,2,0.17,0,160.33,321
,03-Mar-23,404-96-2550-59073,0,0,10.3,0.75,98.17,97.29,84.43,327,0,147,2,0,0,214.51,321
,04-Mar-23,404-96-2550-59073,0,0.23,3.77,0.63,97.04,97.58,85.22,371,1,203,2,0,0,211.27,360
MNSW80A,28-Feb-23,404-96-1740-53801,0,0,0,0.71,97.39,96.96,34.56,115,0,75,2,0.24,0,57.84,112
,01-Mar-23,404-96-1740-53801,0,0,0,0.71,93.09,97.32,40.01,188,1,96,2,0.11,0,85.61,175
,02-Mar-23,404-96-1740-53801,0,0,0,1.06,93.1,97.58,30.38,145,0,53,2,0.08,0,56.13,135
,03-Mar-23,404-96-1740-53801,0,0,0,0.35,95.77,97.41,33.23,142,0,114,2,0.2,0,44.14,136
,04-Mar-23,404-96-1740-53801,0,0,0,0.35,97.7,95.83,28.92,87,0,106,2,0.07,0,43.8,85
MNSW80B,28-Feb-23,404-96-1740-53802,0,0.33,0,0,92.02,95.82,54.6,163,1,135,2,0.07,0,76.25,150
,01-Mar-23,404-96-1740-53802,0,0,0,0.25,88.5,95.65,55.79,200,1,161,2,0,0,81.41,177
,02-Mar-23,404-96-1740-53802,0,0,0,0.45,95.48,95.66,55.11,199,0,82,2,0.08,0,85.78,190
,03-Mar-23,404-96-1740-53802,0,0,0,0.45,88.46,95.48,47.7,130,0,148,2,0.29,0,85.26,115
,04-Mar-23,404-96-1740-53802,0,0,0,0.21,90.6,95.51,51.02,117,1,101,2,0.52,0,81.1,106
MNSW80C,28-Feb-23,404-96-1740-53803,0,0,0,0,97.13,95.5,46.83,244,0,103,2,0.08,0,63.21,237
,01-Mar-23,404-96-1740-53803,0,0,0,0,97.84,94.39,48.67,232,0,86,2,0,0,70.07,227
,02-Mar-23,404-96-1740-53803,0,0,0,0,97.42,94.47,63,271,0,128,2,0.67,0,88.87,264
,03-Mar-23,404-96-1740-53803,0,1.18,0,0,90.04,94.06,57.96,271,0,86,2,0.23,0,89.32,244
,04-Mar-23,404-96-1740-53803,0,0.56,0,0,97.22,94.74,45.69,216,0,92,2,0.57,0,60.45,210
MUF62A,28-Feb-23,404-96-2300-18621,0,0.89,0,4.36,95,87.28,47.18,100,3,108,2,0,0,75.22,95
,01-Mar-23,404-96-2300-18621,0,0.42,0,4.73,96.85,88.49,46.96,127,5,106,2,0,0,67.65,123
,02-Mar-23,404-96-2300-18621,0,0,0,3.38,100,89.74,39.3,49,0,49,2,0.16,0,55.81,49
,03-Mar-23,404-96-2300-18621,0,0,0,2.5,97.73,88.73,46.65,44,0,72,2,0.08,0,68.8,43
,04-Mar-23,404-96-2300-18621,0,0,0,1.57,97.06,88.61,34.39,34,0,52,2,0.08,0,43.81,33
MUF62B,28-Feb-23,404-96-2300-18622,0,4.5,0,2.51,95.12,93.82,30.24,82,0,99,2,0,0,52.03,78
,01-Mar-23,404-96-2300-18622,0,0.48,0,1.05,86.3,95.43,28.75,146,1,94,2,0,0,39.21,126
,02-Mar-23,404-96-2300-18622,0,0,0,0.74,93.1,95.74,24.85,87,0,64,2,0,0,35.95,81
,03-Mar-23,404-96-2300-18622,0,0,0,0.35,97.06,96.84,27.3,34,1,67,2,0,0,37.44,33
,04-Mar-23,404-96-2300-18622,0,0,0,0.85,95.83,97.48,23.03,72,0,73,2,0,0,36.71,69
MUF62C,28-Feb-23,404-96-2300-18623,0,2.02,0,0.9,83.33,96.76,40.25,60,1,109,2,0,0,62.51,50
,01-Mar-23,404-96-2300-18623,0,1.06,0,1.21,65.71,96.86,37.53,35,0,95,2,0,0,63.72,23
,02-Mar-23,404-96-2300-18623,0,0,0,0.62,89.13,96.66,32.67,46,0,54,2,0,0,56.74,41
,03-Mar-23,404-96-2300-18623,0,0,0,0.31,90,96.44,29.78,80,0,71,2,0,0,46.22,72
,04-Mar-23,404-96-2300-18623,0,0,0,0,89.74,96.01,21.52,39,0,51,2,0,0,28.17,35
MVNA50A,28-Feb-23,404-96-2535-48501,0,0,0,0,93.55,98.61,9.94,31,0,20,2,0,0,20.2,29
,01-Mar-23,404-96-2535-48501,0,0,0,0,98.21,97.69,15.7,56,1,43,2,0,0,32.46,55
,02-Mar-23,404-96-2535-48501,0,0,0,0.78,100,97.14,10.6,42,0,46,2,0,0,16.97,42
,03-Mar-23,404-96-2535-48501,0,0,0,0.78,98.21,97.31,10.3,56,0,24,2,0,0,23.92,55
,04-Mar-23,404-96-2535-48501,0,0,0,0.78,100,97.53,10.18,64,0,20,2,0,0,22.18,64
MVNA50B,28-Feb-23,404-96-2535-48502,0,0,0,0.4,87.5,94.92,19.59,40,0,35,2,0,0,49.25,35
,01-Mar-23,404-96-2535-48502,0,0,0,0.4,79.55,94.87,32.61,44,0,133,2,0,0,85.78,35
,02-Mar-23,404-96-2535-48502,0,0,0,0.4,82.76,95.19,24.69,29,0,72,2,0,0,51.86,24
,03-Mar-23,404-96-2535-48502,0,0,0,0,97.3,94.99,28.57,37,0,70,2,0,0,55.48,36
,04-Mar-23,404-96-2535-48502,0,0.85,0,0,86.9,96.29,22.94,84,0,50,2,0,0,58.3,73
MVNA50C,28-Feb-23,404-96-2535-48503,0,0,0,0.46,68.18,90.48,24.8,22,1,52,2,0,0,41.06,15
,01-Mar-23,404-96-2535-48503,0,0,0,0.64,80.33,90.12,62.71,61,0,198,2,0,0,99.6,49
,02-Mar-23,404-96-2535-48503,0,0.56,0,0.64,87.5,90.65,18.29,32,0,55,2,0,0,32.02,28
,03-Mar-23,404-96-2535-48503,0,0,0,0.64,76.92,90.75,21.39,26,0,60,2,0,0,37.92,20
,04-Mar-23,404-96-2535-48503,0,0,0,0,87.5,92.09,23.61,24,0,45,2,0,0,40.29,21
MPR39A,28-Feb-23,404-96-1780-54391,0,0,0,0.49,98,97.4,57.93,50,0,132,2,0,0,101.9,49
,01-Mar-23,404-96-1780-54391,0,0,0,0.2,100,97.15,59.64,32,0,188,2,0,0,97.51,32
,02-Mar-23,404-96-1780-54391,0,0.39,0,0.2,98,97.77,55.9,50,0,111,2,0,0,88.33,49
,03-Mar-23,404-96-1780-54391,0,0.31,0,0,96.97,97.56,61.1,66,0,158,2,0,0,77.15,64
,04-Mar-23,404-96-1780-54391,0,0,0,0,97.73,97.58,60.81,44,0,149,2,0,0,75.93,43
MPR39B,28-Feb-23,404-96-1780-54392,0,0,0,0.64,93.1,96.73,48.93,58,1,122,2,0,0,73.02,54
,01-Mar-23,404-96-1780-54392,0,0,0,0.62,96,96.53,43.75,75,0,64,2,0,0,75.15,72
,02-Mar-23,404-96-1780-54392,0,0,0,0.62,85.71,96.78,41.21,35,0,83,2,0,0,61.84,30
,03-Mar-23,404-96-1780-54392,0,0.44,0,0.27,87.8,96.83,38.29,41,0,86,2,0,0,64.53,36
,04-Mar-23,404-96-1780-54392,0,0,0,0,70,97.25,41.92,30,0,74,2,0,0,63.08,21
MPR39C,28-Feb-23,404-96-1780-54393,0,0,0,0.66,97.3,97.95,39.65,37,0,94,2,0,0,63.82,36
,01-Mar-23,404-96-1780-54393,0,0,0,0.66,95.65,97.43,38.49,46,0,108,2,0,0,92.55,44
,02-Mar-23,404-96-1780-54393,0,0,0,0.38,94.44,98.02,49.11,54,0,121,2,0,0,78.81,51
,03-Mar-23,404-96-1780-54393,0,0,0,0,93.85,97.86,41.78,65,0,113,2,0,0,53.54,61
,04-Mar-23,404-96-1780-54393,0,0.57,0,0,100,97.84,43.25,24,0,89,2,0,0,70.18,24
NGNA95A,28-Feb-23,404-96-2550-58951,0,0,0,0,83.56,95.89,44.55,298,2,273,2,0,0,61.88,249
,01-Mar-23,404-96-2550-58951,0,0,0,0.24,94.48,96.38,34.18,145,0,90,2,0.35,0,55.91,137
,02-Mar-23,404-96-2550-58951,0,0.29,0,0.24,81.89,97.22,32.35,243,0,164,2,0.4,0,55.22,199
,03-Mar-23,404-96-2550-58951,0,0,0,0.24,90.91,96.74,36.6,187,0,164,2,0.36,0,66.4,170
,04-Mar-23,404-96-2550-58951,0,0,0,0,90.53,97.27,31.81,190,1,145,2,0.82,0,47.18,172
NGNA95B,28-Feb-23,404-96-2550-58952,0,0,0,1.33,85.22,94.81,24.84,318,2,100,2,0,0,42.01,271
,01-Mar-23,404-96-2550-58952,0,0,0,1.99,87.72,94.18,13.38,228,0,126,2,0.12,0,20.63,200
,02-Mar-23,404-96-2550-58952,0,0,0,1.31,89.25,93.66,17,279,2,132,2,0.38,0,29.19,249
,03-Mar-23,404-96-2550-58952,0,0,0,1.17,87.71,93.41,25.53,301,4,145,2,0.51,0,37.57,264
,04-Mar-23,404-96-2550-58952,0,0,0,1.42,91.05,92.29,19.89,313,3,145,2,0.14,0,33.26,285
NGNA95C,28-Feb-23,404-96-2550-58953,0,0,0,0,95.92,96.38,103,147,0,17,2,83.66,0,150.17,141
,01-Mar-23,404-96-2550-58953,0,0,0,0,97.73,97.63,61.97,88,0,20,2,72.04,0,91.32,86
,02-Mar-23,404-96-2550-58953,0,0,0,0,90.22,95.92,65.67,92,1,13,2,68.82,0,101.17,83
,03-Mar-23,404-96-2550-58953,0,0,0,2.56,98.41,95.13,69.49,63,0,17,2,75.26,0,111.71,62
,04-Mar-23,404-96-2550-58953,0,0,0,2.56,99.17,93.95,54.36,121,1,14,2,66.24,0,77,120
NIAT75A,28-Feb-23,404-96-2780-51751,0,0,0,0.65,100,92.23,13.97,12,1,34,2,0,0,29.37,12
,01-Mar-23,404-96-2780-51751,0,0,0,0.98,97.14,94.42,15.95,35,0,13,2,0,0,27.74,34
,02-Mar-23,404-96-2780-51751,0,0,0,0.98,100,92.11,23.72,21,0,31,2,0,0,47.3,21
,03-Mar-23,404-96-2780-51751,0,0,0,0.98,94.74,92.27,14.61,19,1,43,2,0,0,29.69,18
,04-Mar-23,404-96-2780-51751,0,0,0,0.78,94.74,90.93,20.13,38,0,51,2,0,0,36.5,36
NIAT75B,28-Feb-23,404-96-2780-51752,0,0,0,0,100,92.97,24.52,6,0,63,2,0,0,37.02,6
,01-Mar-23,404-96-2780-51752,0,0,0,0,100,90.52,30.97,10,0,47,2,0,0,41.19,10
,02-Mar-23,404-96-2780-51752,0,0,0,0,38.46,90.26,29.4,13,0,79,2,0,0,62.3,5
,03-Mar-23,404-96-2780-51752,0,0,0,0,100,91.55,36.01,10,1,121,2,0,0,69.22,10
,04-Mar-23,404-96-2780-51752,0,0,0,0.28,82.35,93.16,29.3,17,0,72,2,0,0,48.47,14
NIAT75C,28-Feb-23,404-96-2780-51753,0,0,0,0,94.23,97.31,12.18,52,0,46,2,0,0,21.59,49
,01-Mar-23,404-96-2780-51753,0,0,0,0,96.08,96.59,10.85,51,0,32,2,0,0,22.5,49
,02-Mar-23,404-96-2780-51753,0,0,0,0,100,96.66,9.58,38,0,16,2,0,0,19.82,38
,03-Mar-23,404-96-2780-51753,0,0,0,0,96,97.55,11.35,50,0,21,2,0,0,21.98,48
,04-Mar-23,404-96-2780-51753,0,0,0,0,100,97.72,9.82,45,0,29,2,0,0,20.05,45
NIMA86A,28-Feb-23,404-96-2470-61861,0,0,0,0.91,92.73,93.3,36.69,55,1,92,2,0,0,76.9,51
,01-Mar-23,404-96-2470-61861,0,0.93,0,0.69,94.74,92.45,39.98,57,0,115,2,0,0,92.89,54
,02-Mar-23,404-96-2470-61861,0,0,0,0.69,87.93,93.62,46.44,58,1,101,2,0,0,141.55,51
,03-Mar-23,404-96-2470-61861,0,0,0,0.69,96.67,92.59,45.62,30,0,102,2,0,0,92.21,29
,04-Mar-23,404-96-2470-61861,0,0,0,0.33,100,93.8,37.98,49,0,94,2,0,0,81.87,49
NIMA86B,28-Feb-23,404-96-2470-61862,0,0,0,0.27,86.78,93.52,32.2,121,4,95,2,0,0,56.01,105
,01-Mar-23,404-96-2470-61862,0,0.45,0,1.4,92.91,93.47,38.08,141,0,85,2,0,0,60.4,131
,02-Mar-23,404-96-2470-61862,0,0.37,0,1.4,93.98,93.84,43.41,166,0,122,2,0,0,86.33,156
,03-Mar-23,404-96-2470-61862,0,0,0,1.4,86.6,94.35,39.67,97,0,87,2,0,0,77.12,84
,04-Mar-23,404-96-2470-61862,0,0,0,0,94.67,93.66,40.3,169,2,113,2,0.11,0,79.01,160
NIMA86C,28-Feb-23,404-96-2470-61863,0,0,0,0.78,90.7,93.11,17.02,43,3,44,2,0,0,26.37,39
,01-Mar-23,404-96-2470-61863,0,0,0,2.27,93.18,92.92,17.01,44,0,40,2,0,0,32.22,41
,02-Mar-23,404-96-2470-61863,0,0.36,0,2.27,93.1,92.97,20.54,29,0,29,2,0,0,34.97,27
,03-Mar-23,404-96-2470-61863,0,0,0,2.27,93.88,91.98,19.66,98,0,64,2,0,0,38.68,92
,04-Mar-23,404-96-2470-61863,0,0,0,0,96.08,91.85,16.47,102,0,56,2,0,0,34.21,98
PADL66A,28-Feb-23,404-96-2630-64661,0,0,0,0,100,96.81,0.8,4,0,5,2,0.49,0,2.93,4
,01-Mar-23,404-96-2630-64661,0,0.12,0,0,100,92.67,0.94,7,0,25,2,0,0,3.76,7
,02-Mar-23,404-96-2630-64661,0,0,0,0,90.62,89.78,8.42,32,0,46,2,0,0,17.88,29
,03-Mar-23,404-96-2630-64661,0,0,0,0,93.1,86.79,14.39,29,1,41,2,0,0,38.89,27
,04-Mar-23,404-96-2630-64661,0,0,0,0.81,87.23,90.18,13.69,47,0,49,2,0,0,24.39,41
PADL66B,28-Feb-23,404-96-2630-64662,0,0,0,0,92.31,99.95,0.66,13,0,3,2,0,0,5.78,12
,01-Mar-23,404-96-2630-64662,0,0,0,0,100,99.78,0.68,4,0,1,2,0,0,7.42,4
,02-Mar-23,404-96-2630-64662,0,0,0,0,100,99.76,7.35,4,0,16,2,0,0,16.33,4
,03-Mar-23,404-96-2630-64662,0,0,0,0,95.92,99.74,6.73,49,0,30,2,0,0,23.82,47
,04-Mar-23,404-96-2630-64662,0,0,0,0,100,99.41,5.7,5,0,15,2,0,0,13.22,5
PADL66C,28-Feb-23,404-96-2630-64663,0,0,0,0,100,92.15,1.4,7,0,2,2,0,0,6.56,7
,01-Mar-23,404-96-2630-64663,0,0,0,0,100,93.7,1.78,15,0,5,2,0,0,13.57,15
,02-Mar-23,404-96-2630-64663,0,0,0,0,94.74,97.82,18.08,38,0,62,2,0,0,50.14,36
,03-Mar-23,404-96-2630-64663,0,0,0,0,85.87,96.47,29.34,92,0,79,2,0,0,86.62,79
,04-Mar-23,404-96-2630-64663,0,0,0,0,84.29,94.9,25.08,70,0,92,2,0,0,63,59
PATH51A,28-Feb-23,404-96-2480-41511,0,0,0,1.75,100,90.24,3.33,2,0,7,2,0,0,16.69,2
,01-Mar-23,404-96-2480-41511,0,0,0,1.75,100,88.44,4.6,16,0,28,2,0,0,15.29,16
,02-Mar-23,404-96-2480-41511,0,0.93,0,0,100,90.37,7.98,5,0,5,2,0,0,22.87,5
,03-Mar-23,404-96-2480-41511,0,0,0,0,100,93.88,6.56,5,0,25,2,0,0,13.5,5
,04-Mar-23,404-96-2480-41511,0,0,0,0,100,96.51,5.8,2,1,17,2,0,0,14.92,2
PATH51B,28-Feb-23,404-96-2480-41512,0,0,0,16.67,100,92.85,1.82,6,0,5,2,0,0,5.6,6
,01-Mar-23,404-96-2480-41512,0,0,0,0,100,93.18,2.97,7,0,1,2,0,0,9.83,7
,02-Mar-23,404-96-2480-41512,0,0,0,0,100,97.73,3.18,6,0,11,2,0,0,9.84,6
,03-Mar-23,404-96-2480-41512,0,0,,0,,97.83,2.92,0,0,0,2,0,0,17.01,0
,04-Mar-23,404-96-2480-41512,0,0,0,0,100,99.94,2.55,2,0,6,2,0,0,8.92,2
PATH51C,28-Feb-23,404-96-2480-41513,0,0,0,0.69,100,97.8,11.12,5,0,30,2,0,0,25.62,5
,01-Mar-23,404-96-2480-41513,0,0,0,0.69,91.67,98.9,14.09,12,0,61,2,0,0,33.9,11
,02-Mar-23,404-96-2480-41513,0,0,0,0,100,99.39,6.56,1,0,16,2,0,0,14.99,1
,03-Mar-23,404-96-2480-41513,0,0,0,0,100,99.28,10.91,16,0,17,2,0,0,28.27,16
,04-Mar-23,404-96-2480-41513,0,0,0,0,100,99.4,10.95,15,0,44,2,0,0,30.57,15
PING96A,28-Feb-23,404-96-2340-38961,0,2.83,0,0.37,97.14,97.82,29.13,35,0,44,2,0,0,40.05,34
,01-Mar-23,404-96-2340-38961,0,2.38,0,0.37,93.18,98.41,32.09,44,2,57,2,0,0,47.97,41
,02-Mar-23,404-96-2340-38961,0,0,0,1.17,97.44,97.36,25.94,39,0,76,2,0,0,51.6,38
,03-Mar-23,404-96-2340-38961,0,0,0,1.17,93.33,97.5,25.56,30,1,102,2,0,0,49.26,28
,04-Mar-23,404-96-2340-38961,0,0,0,1.5,100,97.28,14.75,47,0,55,2,0,0,40.51,47
PING96B,28-Feb-23,404-96-2340-38962,0,3.08,0,2.32,91.67,96.28,29.93,12,1,76,2,0,0,45.04,11
,01-Mar-23,404-96-2340-38962,0,0,0,1.7,11.11,97.45,33.42,9,2,44,2,0,0,52.19,1
,02-Mar-23,404-96-2340-38962,0,0,0,1.95,41.67,96.55,33.78,12,0,84,2,0,0,50.68,5
,03-Mar-23,404-96-2340-38962,0,0,0,1.95,66.67,96.41,17.37,12,0,79,2,0.06,0,38.83,8
,04-Mar-23,404-96-2340-38962,0,0,0,1.52,50,95.2,10.65,2,0,3,2,0,0,24.26,1
PING96C,28-Feb-23,404-96-2340-38963,0,2.34,0,0,97.73,98.96,11.09,44,0,43,2,0.91,0,21.67,43
,01-Mar-23,404-96-2340-38963,0,1.28,0,0,100,98.31,13.88,25,1,33,2,0.14,0,23.82,25
,02-Mar-23,404-96-2340-38963,0,0,0,1.01,97.44,97.72,14.78,39,0,53,2,0.06,0,37.36,38
,03-Mar-23,404-96-2340-38963,0,0,0,1.01,100,96.85,13.34,36,0,36,2,0,0,27.74,36
,04-Mar-23,404-96-2340-38963,0,0,0,1.01,100,97.43,14.53,39,0,46,2,0.23,0,29.19,39
RAJP63A,28-Feb-23,404-96-1670-24631,0,0,0,1.77,97.44,91.97,14.97,39,0,36,2,0,0,29.18,38
,01-Mar-23,404-96-1670-24631,0,0,0,0.95,100,92.93,15.55,31,0,55,2,0,0,31.69,31
,02-Mar-23,404-96-1670-24631,0,0,0,0,98.08,94.2,18.26,52,0,37,2,0,0,30.82,51
,03-Mar-23,404-96-1670-24631,0,0,0,0,94.29,95.68,16.91,35,1,23,2,0,0,26.58,33
,04-Mar-23,404-96-1670-24631,0,0,0,1.45,100,94.09,15.62,16,0,37,2,0,0,31.35,16
RAJP63B,28-Feb-23,404-96-1670-24632,0,0,0,0,98.51,97.4,17.19,67,0,27,2,0,0,27.48,66
,01-Mar-23,404-96-1670-24632,0,0,0,0,96.43,97.67,19.05,56,0,34,2,0,0,35.21,54
,02-Mar-23,404-96-1670-24632,0,0,0,0,100,98.22,17.81,41,0,50,2,0,0,34.61,41
,03-Mar-23,404-96-1670-24632,0,0,0,0,93.75,98.06,15.73,48,0,53,2,0,0,29.52,45
,04-Mar-23,404-96-1670-24632,0,1.35,0,0,87.23,98.5,14.73,47,0,39,2,0,0,35.13,41
RAJP63C,28-Feb-23,404-96-1670-24633,0,0,0,0,96,96.99,12.31,25,0,49,2,0,0,31.56,24
,01-Mar-23,404-96-1670-24633,0,0,0,0,100,97.27,8.71,10,0,16,2,0,0,17.59,10
,02-Mar-23,404-96-1670-24633,0,0,0,0,90,97.82,9.09,20,0,23,2,0,0,27.61,18
,03-Mar-23,404-96-1670-24633,0,0,0,0,88.46,97.18,10.15,26,0,33,2,0,0,20.88,23
,04-Mar-23,404-96-1670-24633,0,0,0,0,100,96.49,10.88,18,0,29,2,0,0,16.51,18
RAMP44A,28-Feb-23,404-96-2600-19441,0,0.27,0,1.23,94.74,94.73,39.15,133,2,103,2,0,0,70.97,126
,01-Mar-23,404-96-2600-19441,0,0.29,0,1.02,95.24,94.64,29.95,84,0,80,2,0,0,51.19,80
,02-Mar-23,404-96-2600-19441,0,0,0,1.02,92.63,94.73,32.06,95,1,104,2,0,0,74.07,88
,03-Mar-23,404-96-2600-19441,0,0,0,0.97,93.75,94.33,46.21,32,0,31,2,0,0,55.44,30
,04-Mar-23,404-96-2600-19441,0,0,0,0.32,97.01,95.35,41.11,67,1,66,2,0,0,59.84,65
RAMP44B,28-Feb-23,404-96-2600-19442,0,0.36,0,0.83,90,97.06,19.66,120,1,90,2,0,0,46.39,108
,01-Mar-23,404-96-2600-19442,0,0,0,1.2,94.12,96.85,20.86,68,0,51,2,0,0,39.1,64
,02-Mar-23,404-96-2600-19442,0,0,0,0.37,92.5,97.4,15.1,80,0,62,2,0,0,25.37,74
,03-Mar-23,404-96-2600-19442,0,0,0,0.37,89.09,96,17.38,55,0,50,2,0,0,23.83,49
,04-Mar-23,404-96-2600-19442,0,0,0,0,94.44,96.61,14.24,54,0,57,2,0,0,23.88,51
RAMP44C,28-Feb-23,404-96-2600-19443,0,0.11,0,0,93.91,96.33,67.73,115,1,229,2,0,0,125.57,108
,01-Mar-23,404-96-2600-19443,0,0,0,0.15,94.5,96.61,59.79,109,0,161,2,0,0,127.26,103
,02-Mar-23,404-96-2600-19443,0,0,0,0.15,91.53,97.09,49.98,118,0,161,2,0,0,120.85,108
,03-Mar-23,404-96-2600-19443,0,0,0,0.15,90.71,97.57,60.99,140,1,193,2,0,0,107.11,127
,04-Mar-23,404-96-2600-19443,0,0.33,0,0.17,94.17,97.19,64.67,103,0,129,2,0,0,108.41,97
RTH136A,28-Feb-23,404-96-1610-58361,0,0,0,0.69,100,92.62,51.14,18,0,88,2,0.75,0,91.61,18
,01-Mar-23,404-96-1610-58361,0,0.43,0,0.34,97.5,92.43,39.13,80,3,96,2,0.13,0,61.35,78
,02-Mar-23,404-96-1610-58361,0,0,0,1.27,94.03,91.27,43.59,67,0,85,2,0.49,0,89.5,63
,03-Mar-23,404-96-1610-58361,0,0,0,1.04,100,91.6,38.77,36,0,93,2,0.14,0,70.94,36
,04-Mar-23,404-96-1610-58361,0,0,0,1.04,100,92.28,39.93,44,0,121,2,0.36,0,87.35,44
RTH136B,28-Feb-23,404-96-1610-58362,0,0,0,0,85.19,97.51,34.05,81,2,108,2,0.48,0,62.14,69
,01-Mar-23,404-96-1610-58362,0,0,0,0.93,91.75,97.18,27.96,97,1,94,2,0.5,0,55.55,89
,02-Mar-23,404-96-1610-58362,0,0,0,0.97,97.8,96.51,24.79,91,0,93,2,0.27,0,44.5,89
,03-Mar-23,404-96-1610-58362,0,0,0,0.97,95.18,96.46,22.19,83,0,49,2,0.41,0,42.43,79
,04-Mar-23,404-96-1610-58362,0,0,0,0.35,93.33,96.74,24.64,90,0,107,2,0,0,51.1,84
RTH136C,28-Feb-23,404-96-1610-58363,0,0,0,0,100,96,37.07,15,0,110,2,0.62,0,91.69,15
,01-Mar-23,404-96-1610-58363,0,0,0,0,92.31,96.01,37.23,13,1,197,2,0.7,0,89.27,12
,02-Mar-23,404-96-1610-58363,0,0,0,0.17,94.12,96.03,32.54,17,0,168,2,0.97,0,78.41,16
,03-Mar-23,404-96-1610-58363,0,0,0,0.17,100,96.08,32.12,17,0,82,2,0.28,0,52.55,17
,04-Mar-23,404-96-1610-58363,0,0,0,0.17,85.71,96.53,28.66,21,0,88,2,0.54,0,53.83,18
SAIN73A,28-Feb-23,404-96-1780-60731,0,0,0,0,92.27,96.24,62.02,194,1,101,2,0,0,112.06,179
,01-Mar-23,404-96-1780-60731,0,0,0,0.33,90.3,96.41,58.26,134,1,85,2,0,0,82.67,121
,02-Mar-23,404-96-1780-60731,0,0,0,0.72,93.89,96.63,58.22,131,0,171,2,0,0,85.36,123
,03-Mar-23,404-96-1780-60731,0,0,0,0.72,94.89,97.07,59.8,137,0,97,2,0,0,85.63,130
,04-Mar-23,404-96-1780-60731,0,0,0,0.39,87.37,97.02,56.94,95,0,72,2,0,0,81.85,83
SAIN73B,28-Feb-23,404-96-1780-60732,0,0,0,0.25,97.78,97.56,22.1,45,0,72,2,0,0,41.68,44
,01-Mar-23,404-96-1780-60732,0,0,0,0.25,100,97.36,23.55,28,0,136,2,0,0,32.02,28
,02-Mar-23,404-96-1780-60732,0,0,0,0,97.5,97.6,29.39,40,0,179,2,0,0,46.07,39
,03-Mar-23,404-96-1780-60732,0,0,0,0,97.56,97.77,29.66,41,0,95,2,0,0,44.69,40
,04-Mar-23,404-96-1780-60732,0,0,0,0,97.44,98.17,27.34,39,0,90,2,0,0,48.39,38
SAIN73C,28-Feb-23,404-96-1780-60733,0,0,0,0,95,95.91,17.56,40,0,71,2,0,0,27.23,38
,01-Mar-23,404-96-1780-60733,0,0.46,0,0,90,95.53,22.5,30,0,102,2,0.18,0,50.17,27
,02-Mar-23,404-96-1780-60733,0,0,0,0,89.09,95.09,21.3,55,0,72,2,0,0,36.52,49
,03-Mar-23,404-96-1780-60733,0,0,0,0,84.21,95.35,19.88,38,0,85,2,0,0,33.16,32
,04-Mar-23,404-96-1780-60733,0,0,0,0,91.3,96.01,22.94,23,0,59,2,0,0,35.82,21
SGKH64A,28-Feb-23,404-96-1670-46641,0,0,0,0,97.92,97.62,26.6,48,0,41,2,0.46,0,50.95,47
,01-Mar-23,404-96-1670-46641,0,0,0,0,90.52,97.63,29.57,116,3,85,2,0,0,81.85,105
,02-Mar-23,404-96-1670-46641,0,0,0,1.18,98.91,97.34,30.34,92,1,93,2,0,0,57.9,91
,03-Mar-23,404-96-1670-46641,0,0,0,1.53,86.05,97.5,27.71,43,0,57,2,0.35,0,45.92,37
,04-Mar-23,404-96-1670-46641,0,0,0,1.53,100,97.04,25.44,97,0,63,2,0.08,0,47.84,97
SGKH64B,28-Feb-23,404-96-1670-46642,0,0,0,0.97,97.01,97.53,28.93,67,1,59,2,0.07,0,56.96,65
,01-Mar-23,404-96-1670-46642,0,0,0,0.56,94.16,97.66,37.21,137,6,108,2,0.17,0,83.74,129
,02-Mar-23,404-96-1670-46642,0,0,0,2.42,96.52,97.39,39.87,115,0,167,2,0.17,0,89.62,111
,03-Mar-23,404-96-1670-46642,0,0,0,2.42,93.46,98,34.79,107,0,85,2,0,0,85.34,100
,04-Mar-23,404-96-1670-46642,0,0,0,1.85,96.71,98.09,35.47,152,2,81,2,0.22,0,74.93,147
SGKH64C,28-Feb-23,404-96-1670-46643,0,0,0,0,100,97.36,16.9,21,0,39,2,0.13,0,29.83,21
,01-Mar-23,404-96-1670-46643,0,0,0,0,88.89,96.8,12.55,9,0,36,2,0.12,0,21.13,8
,02-Mar-23,404-96-1670-46643,0,0,0,0,100,95.81,15.96,20,0,50,2,0,0,31.86,20
,03-Mar-23,404-96-1670-46643,0,0,0,0,98.04,95.92,14.56,51,2,66,2,0.2,0,44.01,50
,04-Mar-23,404-96-1670-46643,0,0,0,1.01,100,95.38,15.94,39,0,28,2,0.71,0,32.22,39
SHNT78A,28-Feb-23,404-96-3080-33781,0,3.25,0,2.9,100,96.35,22.95,4,0,30,2,0,0,46.11,4
,01-Mar-23,404-96-3080-33781,0,0,0,2.02,100,96.69,18.31,11,0,47,2,0,0,38.72,11
,02-Mar-23,404-96-3080-33781,0,0,0,0,94.74,96.94,20.26,57,0,34,2,0,0,39.84,54
,03-Mar-23,404-96-3080-33781,0,0,0,0,93.33,95.47,21.02,30,0,47,2,0,0,36.26,28
,04-Mar-23,404-96-3080-33781,0,0,0,0,82.14,96.14,18.18,28,0,40,2,0,0,33.83,23
SHNT78B,28-Feb-23,404-96-3080-33782,0,0,0,3.99,93.75,96.66,16.21,48,0,24,2,0,0,34.95,45
,01-Mar-23,404-96-3080-33782,0,1.59,0,3.23,85.71,97.14,17.4,28,0,38,2,0,0,30.76,24
,02-Mar-23,404-96-3080-33782,0,0,0,2.08,96.15,96.87,18.82,52,2,22,2,0,0,27.77,50
,03-Mar-23,404-96-3080-33782,0,0,0,3.03,92.68,95.58,10.62,41,0,32,2,0.11,0,27.07,38
,04-Mar-23,404-96-3080-33782,0,0,0,3.03,92.96,95.54,13.44,71,0,42,2,0,0,27.27,66
SHNT78C,28-Feb-23,404-96-3080-33783,0,1.59,0,0.67,100,95.79,14.62,40,0,22,2,0,0,37.23,40
,01-Mar-23,404-96-3080-33783,0,0,0,0,100,96.46,15.42,15,0,33,2,0,0,32.77,15
,02-Mar-23,404-96-3080-33783,0,0,0,0,89.19,94.53,12.91,37,0,70,2,0.06,0,29.33,33
,03-Mar-23,404-96-3080-33783,0,0,0,0,94.74,93.94,13.22,19,0,51,2,0,0,36.81,18
,04-Mar-23,404-96-3080-33783,0,0,0,0,98.7,92.73,19.11,77,1,64,2,0.3,0,42.3,76
SKRN82A,28-Feb-23,404-96-2300-47821,0,3.33,0,0,77.78,96.76,20.04,18,0,30,2,0,0,33.92,14
,01-Mar-23,404-96-2300-47821,0,0,0,0,96.43,96.75,29.21,28,1,61,2,0,0,45.82,27
,02-Mar-23,404-96-2300-47821,0,1,0,0.55,96.77,97.01,18.68,31,0,57,2,0,0,25.01,30
,03-Mar-23,404-96-2300-47821,0,0,0,0.55,93.94,97.41,16.13,33,0,32,2,0,0,28.53,31
,04-Mar-23,404-96-2300-47821,0,0,0,0.55,100,97.48,20.02,60,0,51,2,0,0,30.92,60
SKRN82B,28-Feb-23,404-96-2300-47822,0,4.17,0,3.12,77.78,93.87,19.15,9,3,48,2,0,0,30.16,7
,01-Mar-23,404-96-2300-47822,0,0.97,0,4.69,87.5,93.58,16.3,24,2,50,2,0,0,33.11,21
,02-Mar-23,404-96-2300-47822,0,0,0,4.46,100,94.19,14.11,13,0,37,2,0,0,29.01,13
,03-Mar-23,404-96-2300-47822,0,0,0,3.42,90.91,94.25,14.08,11,0,29,2,0,0,27.32,10
,04-Mar-23,404-96-2300-47822,0,1.61,0,1.33,100,95.09,10.22,20,1,25,2,0,0,29.29,20
SKRN82C,28-Feb-23,404-96-2300-47823,0,0.41,0,0,100,98.25,25.64,20,1,91,2,0,0,47.69,20
,01-Mar-23,404-96-2300-47823,0,0.37,0,0.55,92.86,97.71,33.63,14,6,104,2,0,0,65.82,13
,02-Mar-23,404-96-2300-47823,0,0,0,2.29,97.87,96.38,31.41,47,0,77,2,0,0,50.08,46
,03-Mar-23,404-96-2300-47823,0,0,0,2.29,98.44,96.06,27.76,64,0,85,2,0,0,55.7,63
,04-Mar-23,404-96-2300-47823,0,0,0,1.92,84.62,95.9,33.33,65,0,113,2,0,0,50,55
SKTH50A,28-Feb-23,404-96-2470-59501,0,0,0,1.26,75,95.67,14.32,12,0,25,2,0,0,25.93,9
,01-Mar-23,404-96-2470-59501,0,0,0,1.26,50,95.56,16.27,12,0,57,2,0,0,29.82,6
,02-Mar-23,404-96-2470-59501,0,0,0,1.26,100,94.71,14.28,10,0,15,2,0,0,23.38,10
,03-Mar-23,404-96-2470-59501,0,0,0,0,57.14,96.73,15,7,0,26,2,0,0,28.07,4
,04-Mar-23,404-96-2470-59501,0,0,0,0,87.5,96.63,15.66,8,0,65,2,0,0,26.85,7
SKTH50B,28-Feb-23,404-96-2470-59502,0,0,0,0.52,92.63,94.22,47.86,95,0,138,2,0,0,66.84,88
,01-Mar-23,404-96-2470-59502,0,0,0,0.52,95,94.8,47.11,80,0,100,2,0,0,82.16,76
,02-Mar-23,404-96-2470-59502,0,0,0,0.52,92.07,95.55,50.97,164,0,85,2,0.09,0,92.2,151
,03-Mar-23,404-96-2470-59502,0,0,0,0,95.03,95.36,55.48,161,0,178,2,0,0,97.39,153
,04-Mar-23,404-96-2470-59502,0,0.38,0,0,98.87,95.15,60.38,177,0,128,2,0,0,112.01,175
SKTH50C,28-Feb-23,404-96-2470-59503,0,0.13,0,0.31,89.83,92.42,124.25,59,5,308,2,0,0,217.94,53
,01-Mar-23,404-96-2470-59503,0,0.17,0.39,0.69,76.92,92.88,147.96,39,2,251,2,0,0,228.19,30
,02-Mar-23,404-96-2470-59503,0,0.4,0,0.96,86.27,92.88,124.08,102,4,304,2,0,0,226.07,88
,03-Mar-23,404-96-2470-59503,0,0.15,0.3,1.25,78.87,93.01,141.88,71,0,327,2,0,0,310.61,56
,04-Mar-23,404-96-2470-59503,0,0.12,0,0.7,88.24,93.38,128.65,119,0,309,2,0,0,207.68,105
TDKL95A,28-Feb-23,404-96-2400-50951,0,3.33,0,2.33,91.34,90.77,96.48,127,3,151,2,0,0,153.07,116
,01-Mar-23,404-96-2400-50951,0,2.18,0,2.16,89.1,92.42,84.05,156,9,240,2,0,0,165.6,139
,02-Mar-23,404-96-2400-50951,0,0,0,2.69,81.82,92.22,70.43,88,5,231,2,0.33,0,165.38,72
,03-Mar-23,404-96-2400-50951,0,0,0,2.63,89.39,92.45,70.42,66,2,154,2,0,0,145.43,59
,04-Mar-23,404-96-2400-50951,0,0,0.44,2.4,87.34,92.77,65.17,79,5,221,2,0,0,135.7,69
TDKL95B,28-Feb-23,404-96-2400-50952,0,0.27,69.19,1.34,86.79,94.99,239.96,53,7,407,2,0,0,284.29,46
,01-Mar-23,404-96-2400-50952,0,0.27,70.44,1.53,100,95.58,270.66,100,3,458,2,0,0,284.38,100
,02-Mar-23,404-96-2400-50952,0,0.06,73.09,1.24,97.67,95.61,271.8,43,0,359,2,0,0,284.3,42
,03-Mar-23,404-96-2400-50952,0,0,81.82,0.79,93.33,96.48,269.55,45,0,306,2,0,0,285.53,42
,04-Mar-23,404-96-2400-50952,0,0.07,83.6,0.22,95.35,96.98,257.12,43,0,173,2,0,0,287.33,41
TDKL95C,28-Feb-23,404-96-2400-50953,0,0.92,18.26,3.66,96.76,94.5,157.38,185,8,357,2,0,0,235.95,179
,01-Mar-23,404-96-2400-50953,0,0.73,28.08,2.95,97.98,95.36,152.71,198,9,250,2,0,0,236.06,194
,02-Mar-23,404-96-2400-50953,0,0,20.57,3.17,91.62,95.61,140.64,167,0,244,2,0,0,248.93,153
,03-Mar-23,404-96-2400-50953,0,0,17.36,1.95,98.98,96.27,137.59,197,2,332,2,0,0,234.95,195
,04-Mar-23,404-96-2400-50953,0,0,8.62,1.4,100,96.56,143.81,182,0,292,2,0,0,226.49,182
TIHR82A,28-Feb-23,404-96-2780-53821,0,0,0,0.27,96.97,98.46,47.15,33,0,84,2,0,0,53.4,32
,01-Mar-23,404-96-2780-53821,0,0,0,0.27,94.92,98.16,56.35,59,0,118,2,0,0,66.68,56
,02-Mar-23,404-96-2780-53821,0,0,0,0.27,97.62,98.08,57.57,42,0,91,2,0,0,72.25,41
,03-Mar-23,404-96-2780-53821,0,0,0,0,100,98.53,56.92,31,1,72,2,0,0,76.17,31
,04-Mar-23,404-96-2780-53821,0,0,0,0.46,94.74,98.22,47.21,57,1,91,2,0,0,70.28,54
TIHR82B,28-Feb-23,404-96-2780-53822,0,0,0,0.31,90.28,96.33,38.24,72,0,127,2,0,0,64.97,65
,01-Mar-23,404-96-2780-53822,0,0,0,0.31,100,96,34.97,57,0,73,2,0,0,52.9,57
,02-Mar-23,404-96-2780-53822,0,0,0,0,89.04,96.54,35.55,73,0,117,2,0,0,57.88,65
,03-Mar-23,404-96-2780-53822,0,0,0,0,98.63,96.29,38.27,73,0,76,2,0,0,62.34,72
,04-Mar-23,404-96-2780-53822,0,0,0,0,90.43,96.56,47.96,115,0,110,2,0,0,88.33,104
TIHR82C,28-Feb-23,404-96-2780-53823,0,0,0,0,97.1,95.33,17.28,69,0,58,2,0,0,29.16,67
,01-Mar-23,404-96-2780-53823,0,0,0,0,94.92,94.93,22.34,59,1,56,2,0,0,37.1,56
,02-Mar-23,404-96-2780-53823,0,0,0,0.6,91.23,95.22,18.91,57,0,43,2,0,0,45.64,52
,03-Mar-23,404-96-2780-53823,0,0,0,0.6,95.08,95.35,30.82,61,0,44,2,0,0,50.86,58
,04-Mar-23,404-96-2780-53823,0,0.84,0,0.6,95.95,95.81,22.38,74,0,39,2,0,0,27.49,71
WHRN14A,28-Feb-23,404-96-2470-40141,0,0.88,0,4.99,95.52,93.88,35.18,67,4,55,2,0,0,52.5,64
,01-Mar-23,404-96-2470-40141,0,0,0,5.24,98.1,94.66,36.79,105,2,67,2,0,0,60.57,103
,02-Mar-23,404-96-2470-40141,0,0,0,3.91,98.28,95.04,29.18,58,0,58,2,0,0,40.77,57
,03-Mar-23,404-96-2470-40141,0,0,0,3.42,100,94.23,33.18,54,0,75,2,0,0,48.59,54
,04-Mar-23,404-96-2470-40141,0,0,0,1,94.74,94.3,35.85,38,0,71,2,0,0,61.79,36
WHRN14B,28-Feb-23,404-96-2470-40142,0,1.17,0,0.91,90.74,97.03,36.6,162,1,132,2,0,0,57.33,147
,01-Mar-23,404-96-2470-40142,0,0,0,0.58,96.3,96.36,30.78,108,0,74,2,0,0,56.4,104
,02-Mar-23,404-96-2470-40142,0,0,0,0.58,94.12,96.64,29.61,68,0,89,2,0,0,52.54,64
,03-Mar-23,404-96-2470-40142,0,0,0,0.25,90.91,96.68,31,66,0,63,2,0,0,55.79,60
,04-Mar-23,404-96-2470-40142,0,0,0,0,91.95,97.4,29.62,87,0,106,2,0,0,60.32,80
WHRN14C,28-Feb-23,404-96-2470-40143,0,1.89,0,0.45,90,96.15,32.63,10,3,57,2,0,0,51.52,9
,01-Mar-23,404-96-2470-40143,0,1.63,0,2.2,66.67,96.3,31.83,6,1,60,2,0,0,47.53,4
,02-Mar-23,404-96-2470-40143,0,0,0,2.76,,95.21,29.83,0,0,56,2,0,0,36.13,0
,03-Mar-23,404-96-2470-40143,0,0,0,2.31,100,96.44,29.89,6,0,87,2,0,0,41.51,6
,04-Mar-23,404-96-2470-40143,0,0,0,0.56,100,96.56,23.93,4,0,89,2,0,0,44.08,4
