"Short name",,"MV_RRC Setup Success Rate [CDBH]","MV_ERAB Setup Success Rate [CDBH]","MV_PS Drop Call Rate % [CDBH]","MV_DL User Throughput_Kbps [CDBH]","MV_UL User Throughput_Kbps [CDBH]","MV_PS handover success rate [LTE Intra System] [CDBH]","MV_CSFB Redirection Success Rate [CDBH]","MV_E-UTRAN Average CQI [CDBH]","UL RSSI PUCCH","MV_VoLTE DCR [CBBH]","MV_PS handover success rate [LTE Inter System] [CDBH]","MV_VoLTE ERAB Setup Success Rate [CBBH]","MV_VoLTE IntraF HOSR Exec [CBBH]","MV_VoLTE InterF HOSR Exec [CBBH]","MV_VoLTE Packet Loss DL [CBBH]","MV_VoLTE Packet Loss UL [CBBH]","MV_4G Data Volume_GB","MV_VoLTE Traffic","MV_Average number of used DL PRBs [CDBH]","UL RSSI PUCCH","CSFB Redirection Success Rate [CDBH]"
"CH_E_T1_IM_MATHU5C_C","19 Apr 23",99.87,99.94,0.06,7812.22,207.38,99.44,0.00,8.16,,0.00,100.00,100.00,100.00,,0.07,0.00,17.5545,0.28,52.09,-89.29,0.00
,"20 Apr 23",100.00,99.93,0.00,3173.05,444.29,99.78,0.00,8.28,,0.00,100.00,99.17,100.00,100.00,0.03,0.04,28.8526,0.47,79.15,-100.23,0.00
,"21 Apr 23",99.98,99.95,0.02,4727.70,673.01,100.00,0.00,8.47,,0.00,100.00,100.00,100.00,,0.03,0.00,30.7469,0.39,66.06,-108.66,0.00
,"22 Apr 23",99.94,99.90,0.03,5436.75,599.21,100.00,0.00,8.42,,0.00,98.40,100.00,100.00,,0.26,0.39,19.9839,0.23,54.18,-107.05,0.00
,"23 Apr 23",100.00,99.96,0.07,3587.24,443.92,100.00,,8.13,,0.00,100.00,100.00,,,0.00,0.00,23.7994,0.23,79.78,-113.19,
"CH_E_T1_IM_PATT27B_B","19 Apr 23",99.91,99.75,0.03,5984.35,513.82,100.00,0.00,8.65,,0.00,100.00,100.00,100.00,,0.03,0.09,38.0730,2.03,61.14,-104.58,0.00
,"20 Apr 23",99.90,99.96,0.02,4217.60,233.54,100.00,0.00,9.01,,0.00,99.83,100.00,100.00,,0.00,0.17,40.4834,2.60,80.01,-109.60,0.00
,"21 Apr 23",99.93,99.79,0.00,4249.72,440.19,98.76,0.00,8.23,,0.00,99.86,100.00,100.00,,0.04,0.01,38.6022,1.57,82.25,-113.29,0.00
,"22 Apr 23",99.93,99.96,0.02,3559.74,424.55,100.00,0.00,8.66,,0.00,99.86,100.00,100.00,,0.05,0.01,33.0566,1.03,73.13,-113.68,0.00
,"23 Apr 23",99.87,99.89,0.00,4767.24,554.23,99.29,0.00,8.58,,0.00,99.64,100.00,,,0.01,0.01,41.1698,3.49,57.45,-116.16,0.00
"CH_E_T1_IM_PERUN3A_A","19 Apr 23",99.98,99.96,0.00,2620.95,476.44,99.88,0.00,8.30,,0.00,99.57,100.00,100.00,100.00,0.29,0.07,26.9958,0.97,75.59,-107.68,0.00
,"20 Apr 23",99.95,99.88,0.02,2655.55,695.25,99.77,0.00,8.01,,0.00,99.76,100.00,100.00,100.00,0.17,3.57,23.5791,0.95,76.65,-110.69,0.00
,"21 Apr 23",99.97,99.98,0.01,2538.17,799.39,99.79,0.00,8.07,,0.00,99.77,100.00,100.00,100.00,0.03,0.19,22.5042,1.00,73.44,-112.88,0.00
,"22 Apr 23",99.92,99.75,0.00,6040.37,886.72,99.78,0.00,8.38,,0.00,100.00,100.00,100.00,100.00,0.45,0.03,13.4076,0.56,48.14,-114.38,0.00
,"23 Apr 23",99.85,99.83,0.00,4312.24,1371.09,99.75,0.00,7.76,,0.00,98.84,100.00,100.00,,0.00,0.10,8.7400,0.24,35.27,-115.80,0.00
"CH_E_T1_IM_SWELL2A_A","19 Apr 23",99.29,99.65,0.06,7853.80,98.07,100.00,0.00,8.81,,0.00,90.37,100.00,100.00,,0.57,0.17,34.4113,0.49,57.62,-97.68,0.00
,"20 Apr 23",99.75,99.92,0.05,6628.58,189.25,100.00,0.00,9.34,,0.00,86.81,99.07,100.00,100.00,0.20,1.15,27.1105,0.43,60.64,-102.25,0.00
,"21 Apr 23",99.90,99.80,0.10,3707.52,460.61,100.00,0.00,8.70,,0.00,92.34,100.00,100.00,100.00,0.04,0.04,30.8679,0.59,74.58,-108.40,0.00
,"22 Apr 23",99.96,99.91,0.09,4248.81,521.36,99.61,0.00,8.93,,0.00,88.22,99.30,100.00,100.00,0.03,0.01,36.4570,1.08,72.82,-111.42,0.00
,"23 Apr 23",99.86,99.89,0.10,4295.17,388.29,55.40,0.00,8.39,,0.00,85.17,100.00,100.00,,0.34,10.07,32.0776,0.54,67.25,-114.24,0.00
"CH_E_T1_IM_TIRMZ2C_C","19 Apr 23",99.93,99.71,0.00,4782.69,575.24,100.00,0.00,9.07,,0.00,99.75,100.00,100.00,,0.07,0.28,30.3249,0.22,55.09,-98.60,0.00
,"20 Apr 23",100.00,99.97,0.05,3740.03,255.56,97.58,0.00,9.93,,0.00,100.00,100.00,,,0.63,0.21,38.4237,0.31,83.91,-104.39,0.00
,"21 Apr 23",100.00,100.00,0.00,3742.89,438.11,100.00,0.00,8.42,,0.00,100.00,100.00,100.00,100.00,0.78,1.80,42.9133,0.29,86.67,-108.91,0.00
,"22 Apr 23",100.00,99.80,0.00,4786.47,318.21,99.69,0.00,8.85,,0.00,99.69,100.00,,100.00,0.14,0.00,40.2896,0.20,73.57,-111.68,0.00
,"23 Apr 23",100.00,99.76,0.00,4116.93,511.75,100.00,0.00,8.64,,0.00,99.73,100.00,,100.00,0.00,0.00,44.5632,0.17,80.02,-114.52,0.00
"CH_E_T1_OM_OTTE13B_B","19 Apr 23",100.00,100.00,0.00,6922.95,712.36,100.00,0.00,8.46,,,100.00,100.00,100.00,,0.00,0.00,1.2193,0.04,11.51,-113.40,0.00
,"20 Apr 23",100.00,98.76,0.00,7257.11,891.03,100.00,0.00,7.53,,0.00,100.00,100.00,,,0.00,0.00,1.2188,0.06,12.96,-116.04,0.00
,"21 Apr 23",100.00,100.00,0.00,7191.72,2123.39,100.00,,7.55,,0.00,100.00,90.00,100.00,,0.00,0.00,1.5869,0.03,11.88,-118.01,
,"22 Apr 23",100.00,100.00,0.00,14884.92,428.90,100.00,,9.15,,0.00,100.00,100.00,,,0.00,0.00,1.0760,0.04,8.04,-117.97,
,"23 Apr 23",100.00,100.00,0.00,8035.23,434.75,100.00,,7.84,,,100.00,100.00,100.00,,0.20,0.00,1.8278,0.04,14.39,-118.50,
"CH_E_T1_OM_TARA30B_B","19 Apr 23",100.00,99.42,0.00,3777.48,214.17,99.44,0.00,7.80,,0.00,100.00,100.00,100.00,100.00,0.04,0.14,25.7505,0.54,74.92,-104.01,0.00
,"20 Apr 23",99.88,99.79,0.00,2274.13,354.09,100.00,0.00,7.42,,0.00,100.00,94.74,,,0.00,0.00,30.1558,0.35,88.84,-108.61,0.00
,"21 Apr 23",99.84,100.00,0.00,2422.86,542.81,100.00,0.00,7.12,,0.00,100.00,100.00,100.00,,0.21,3.39,26.2269,0.49,79.06,-112.07,0.00
,"22 Apr 23",100.00,99.91,0.03,2987.80,347.01,100.00,0.00,8.11,,0.00,99.65,100.00,,,0.03,0.02,30.2186,1.24,75.61,-112.90,0.00
,"23 Apr 23",100.00,100.00,0.11,4588.47,527.52,100.00,0.00,7.78,,0.00,99.33,100.00,100.00,,0.05,0.00,33.0531,0.53,59.44,-113.82,0.00
"CH_E_T1_OM_TVTY24C_C","19 Apr 23",100.00,100.00,0.15,3935.31,126.41,100.00,,7.21,,,100.00,100.00,100.00,,0.10,0.00,4.6514,0.04,26.77,-95.51,
,"20 Apr 23",98.86,94.43,0.80,2136.00,47.75,87.13,0.00,7.91,,0.00,80.61,100.00,,,0.09,1.52,8.1998,0.21,56.42,-103.72,0.00
,"21 Apr 23",100.00,99.88,0.11,3277.44,464.97,100.00,0.00,6.46,,,100.00,100.00,100.00,100.00,1.79,0.33,7.5273,0.05,62.25,-112.00,0.00
,"22 Apr 23",100.00,100.00,0.00,4021.24,851.84,100.00,0.00,7.05,,0.00,100.00,100.00,100.00,0.00,0.24,0.00,9.1944,0.05,45.09,-110.48,0.00
,"23 Apr 23",99.81,100.00,0.00,4497.14,749.40,99.57,,6.81,,,100.00,100.00,100.00,,0.00,0.02,9.6129,0.12,52.17,-114.76,
"CH_E_T1_OM_VADAP9C_C","19 Apr 23",99.41,100.00,0.00,5707.73,194.23,100.00,,7.31,,0.00,100.00,100.00,100.00,,0.05,0.13,5.8483,3.97,22.82,-105.43,
,"20 Apr 23",100.00,100.00,0.00,4089.15,521.37,100.00,,6.99,,0.00,100.00,100.00,100.00,100.00,0.09,0.16,7.7098,4.53,55.87,-110.43,
,"21 Apr 23",100.00,100.00,0.00,2986.41,853.28,100.00,,6.47,,0.00,100.00,100.00,100.00,,0.05,0.04,6.9175,5.02,49.50,-114.54,
,"22 Apr 23",99.83,100.00,0.00,3788.45,998.96,99.60,0.00,6.59,,0.00,100.00,100.00,100.00,,0.10,0.04,7.4823,3.39,40.83,-114.49,0.00
,"23 Apr 23",100.00,100.00,0.00,5740.76,530.29,99.50,,6.76,,0.00,100.00,100.00,100.00,100.00,0.07,0.17,8.8998,4.89,38.52,-115.52,
"CH_E_T1_OM_VELC15D_D","19 Apr 23",99.32,98.30,1.49,5096.38,136.94,98.23,100.00,7.70,-100.27,0.00,100.00,100.00,100.00,100.00,1.18,2.00,7.6893,0.36,51.03,,
,"20 Apr 23",99.52,98.92,0.62,5273.33,159.66,98.52,100.00,8.12,-107.70,0.00,99.32,100.00,100.00,100.00,0.33,11.33,12.8225,0.30,59.94,,
,"21 Apr 23",100.00,99.63,0.19,5119.12,170.71,99.42,100.00,7.64,-112.33,0.00,99.42,100.00,100.00,100.00,7.99,1.62,12.8538,0.24,49.80,,
,"22 Apr 23",99.84,99.33,0.75,4166.05,118.37,95.87,100.00,7.12,-111.70,0.00,100.00,100.00,100.00,100.00,0.65,1.16,12.0203,0.25,56.48,,
,"23 Apr 23",100.00,99.59,0.09,4766.41,121.75,97.38,100.00,7.27,-113.59,,100.00,100.00,100.00,100.00,5.71,6.93,10.2860,0.12,41.64,,
"CH_E_T2_IM_MATHU5C_C","19 Apr 23",99.96,99.92,0.01,3563.86,385.29,99.75,0.00,7.80,,0.00,99.91,100.00,100.00,,0.78,1.12,73.8671,1.48,83.91,-88.49,0.00
,"20 Apr 23",99.95,99.93,0.00,2970.82,630.56,99.92,0.00,7.54,,0.00,99.66,100.00,100.00,,0.14,0.02,103.9884,1.75,94.51,-98.80,0.00
,"21 Apr 23",99.97,99.96,0.00,3927.61,607.17,99.87,0.00,7.73,,0.00,100.00,100.00,100.00,,0.04,0.36,125.2594,21.35,94.26,-106.50,0.00
,"22 Apr 23",99.97,99.93,0.02,4799.50,632.60,99.94,0.00,7.87,,0.00,99.89,100.00,100.00,,0.05,0.14,116.8478,18.59,84.30,-105.02,0.00
,"23 Apr 23",99.96,99.91,0.02,3311.49,368.72,99.88,0.00,7.91,,0.00,99.41,100.00,100.00,,0.70,0.22,118.5288,19.45,97.36,-109.30,0.00
"CH_E_T2_IM_PATT27B_B","19 Apr 23",99.99,99.95,0.01,5764.17,429.25,99.75,0.00,7.97,,0.00,100.00,100.00,100.00,,0.03,0.36,136.1954,13.24,84.38,-103.61,0.00
,"20 Apr 23",99.86,99.91,0.01,3323.38,232.78,99.29,0.00,7.83,,1.67,99.78,100.00,100.00,,0.08,0.21,140.4082,14.54,97.57,-108.29,0.00
,"21 Apr 23",99.91,99.78,0.02,3874.22,506.75,100.00,0.00,7.67,,0.00,100.00,99.79,97.30,100.00,0.05,0.22,161.6071,43.07,95.42,-110.82,0.00
,"22 Apr 23",99.94,99.93,0.01,3515.66,349.71,98.88,0.00,7.88,,0.00,99.83,100.00,100.00,,0.03,0.12,163.2656,46.14,98.33,-110.76,0.00
,"23 Apr 23",99.95,99.96,0.00,4209.44,765.81,100.00,0.00,7.75,,0.00,100.00,100.00,100.00,,0.04,0.10,177.0279,45.60,96.16,-112.02,0.00
"CH_E_T2_IM_PERUN3A_A","19 Apr 23",99.98,99.89,0.03,3004.86,790.60,99.86,0.00,7.83,,0.00,99.86,99.86,100.00,100.00,0.09,0.00,82.3156,2.41,90.69,-103.90,0.00
,"20 Apr 23",99.89,99.93,0.03,2284.87,827.20,99.79,0.00,7.54,,0.00,99.89,100.00,100.00,,0.09,0.15,86.7499,2.85,93.15,-106.44,0.00
,"21 Apr 23",99.96,99.90,0.00,2572.56,1047.88,99.80,0.00,7.65,,0.00,99.78,100.00,100.00,,0.69,0.04,85.9052,2.53,90.39,-108.52,0.00
,"22 Apr 23",99.94,99.88,0.01,3508.24,1121.92,99.77,0.00,7.63,,0.00,99.79,100.00,100.00,,0.01,0.00,70.5291,2.52,80.11,-108.95,0.00
,"23 Apr 23",99.90,99.96,0.00,6888.06,1342.70,99.75,0.00,7.80,,0.00,100.00,100.00,100.00,,0.03,0.07,50.5729,1.46,54.00,-110.13,0.00
"CH_E_T2_IM_SWELL2A_A","19 Apr 23",99.87,99.84,0.13,4195.34,239.99,100.00,0.00,8.55,,0.00,90.72,99.49,100.00,,0.35,0.79,113.4286,2.01,88.82,-98.14,0.00
,"20 Apr 23",99.74,99.71,0.00,3033.80,116.66,99.80,0.00,8.20,,0.00,97.37,100.00,100.00,,0.19,0.44,105.6480,2.10,93.36,-101.68,0.00
,"21 Apr 23",99.93,99.91,0.05,3221.60,338.40,100.00,0.00,7.87,,1.39,93.60,100.00,100.00,,0.05,0.00,116.5002,3.00,93.07,-106.25,0.00
,"22 Apr 23",99.93,99.77,0.12,4887.38,708.22,99.86,0.00,8.67,,2.67,92.27,100.00,100.00,,0.08,0.10,115.3551,2.99,83.54,-107.77,0.00
,"23 Apr 23",99.98,99.78,0.04,3962.77,669.29,64.76,0.00,8.31,,1.64,93.54,100.00,100.00,,0.03,0.01,115.5290,2.43,89.62,-109.92,0.00
"CH_E_T2_IM_TIRMZ2C_C","19 Apr 23",99.84,99.60,0.03,5547.69,84.82,99.10,0.00,9.79,,0.00,100.00,100.00,100.00,,0.04,0.05,108.0204,0.93,78.54,-99.14,0.00
,"20 Apr 23",99.97,99.85,0.00,3645.89,279.21,98.97,0.00,9.24,,0.00,99.82,100.00,100.00,,0.04,0.45,118.1864,0.91,94.19,-104.02,0.00
,"21 Apr 23",100.00,99.95,0.00,3913.25,908.06,99.81,0.00,8.48,,0.00,99.84,100.00,100.00,,0.01,0.13,148.9992,8.76,98.34,-107.85,0.00
,"22 Apr 23",99.98,99.90,0.00,4850.60,608.81,99.41,0.00,8.65,,0.00,100.00,100.00,100.00,,0.01,0.18,159.3861,9.51,93.19,-109.74,0.00
,"23 Apr 23",100.00,99.96,0.00,6549.82,1252.33,100.00,0.00,8.61,,0.00,99.87,100.00,100.00,,0.01,0.01,164.5505,10.46,85.92,-110.32,0.00
"CH_E_T2_OM_OTTE13B_B","19 Apr 23",100.00,99.82,0.00,14621.66,640.52,100.00,0.00,6.77,,,97.30,100.00,100.00,,0.53,0.02,6.9558,0.29,11.40,-111.21,0.00
,"20 Apr 23",100.00,99.95,0.00,9827.82,2133.38,100.00,0.00,6.41,,0.00,100.00,100.00,100.00,,0.01,0.35,9.5449,0.42,14.79,-113.46,0.00
,"21 Apr 23",100.00,99.78,0.00,6651.93,1180.47,100.00,0.00,8.22,,0.00,100.00,100.00,100.00,,0.00,0.01,11.2009,0.45,14.47,-115.13,0.00
,"22 Apr 23",99.90,100.00,0.00,10952.03,1259.95,97.93,0.00,7.76,,0.00,100.00,100.00,100.00,,0.07,0.00,6.3053,0.28,11.85,-115.11,0.00
,"23 Apr 23",100.00,99.71,0.00,16062.77,1035.10,100.00,,8.61,,0.00,100.00,100.00,100.00,,0.49,0.10,9.4139,0.12,23.03,-115.58,
"CH_E_T2_OM_TARA30B_B","19 Apr 23",99.92,99.70,0.04,2855.82,190.20,99.69,0.00,7.87,,0.00,100.00,100.00,85.71,,0.02,0.02,78.3198,1.48,91.70,-102.37,0.00
,"20 Apr 23",99.89,99.78,0.06,2056.72,523.09,99.89,0.00,7.57,,0.00,99.41,100.00,100.00,,0.02,0.00,90.7359,2.82,98.27,-106.06,0.00
,"21 Apr 23",100.00,100.00,0.00,2437.22,644.99,99.83,0.00,7.44,,0.00,99.68,100.00,100.00,,0.10,0.55,104.0407,1.77,96.35,-108.78,0.00
,"22 Apr 23",99.91,99.11,0.00,2483.56,510.49,100.00,0.00,7.72,,0.00,99.70,100.00,100.00,,0.10,4.99,101.4159,2.20,97.73,-109.98,0.00
,"23 Apr 23",100.00,99.96,0.00,3843.72,522.42,100.00,0.00,7.82,,0.00,100.00,100.00,100.00,,0.01,0.03,103.8833,1.54,87.23,-110.81,0.00
"CH_E_T2_OM_TVTY24C_C","19 Apr 23",99.89,100.00,0.09,6899.55,708.01,100.00,0.00,7.30,,0.00,100.00,98.15,100.00,,0.04,0.18,31.0430,0.28,54.48,-94.89,0.00
,"20 Apr 23",99.99,45.93,0.11,4343.21,452.60,60.51,0.00,8.05,,0.00,99.86,100.00,,,0.01,0.00,45.0018,0.93,75.10,-102.00,0.00
,"21 Apr 23",100.00,100.00,0.03,3969.99,694.65,100.00,0.00,6.76,,0.00,100.00,100.00,100.00,,0.00,0.00,49.2437,0.47,82.41,-109.32,0.00
,"22 Apr 23",100.00,99.86,0.00,4159.20,953.29,100.00,0.00,6.92,,0.00,100.00,100.00,100.00,,0.06,0.00,51.0597,0.57,72.58,-108.70,0.00
,"23 Apr 23",100.00,100.00,0.03,4562.66,895.74,99.58,0.00,7.12,,0.00,100.00,100.00,100.00,,0.00,0.00,56.3013,0.77,71.41,-111.27,0.00
"CH_E_T2_OM_VADAP9C_C","19 Apr 23",99.30,96.91,0.00,7641.56,199.42,99.75,0.00,6.86,,0.00,100.00,100.00,100.00,,0.12,0.24,33.5557,21.72,47.09,-103.38,0.00
,"20 Apr 23",99.93,99.95,0.00,6635.55,486.05,99.61,0.00,6.65,,0.00,100.00,100.00,100.00,,1.35,0.20,49.3710,32.04,71.65,-107.42,0.00
,"21 Apr 23",100.00,99.93,0.00,4532.55,685.84,99.53,0.00,6.88,,0.00,100.00,100.00,100.00,,0.20,0.36,45.7615,30.91,74.04,-110.03,0.00
,"22 Apr 23",100.00,100.00,0.00,3686.22,694.49,99.89,0.00,6.26,,0.00,100.00,100.00,100.00,,0.17,0.25,50.0029,31.04,70.91,-109.77,0.00
,"23 Apr 23",100.00,99.96,0.00,6034.75,727.80,99.68,0.00,6.98,,0.00,100.00,100.00,99.14,,0.11,0.13,54.7759,32.71,56.81,-110.66,0.00
"CH_E_T2_OM_VELC15D_D","19 Apr 23",99.94,99.78,0.06,6883.22,148.21,98.82,100.00,7.54,-100.68,0.00,100.00,100.00,100.00,99.32,0.05,1.03,21.7071,2.24,62.49,,
,"20 Apr 23",99.87,99.17,0.18,5382.67,208.93,91.21,100.00,7.17,-105.86,0.00,98.16,100.00,100.00,99.47,3.68,0.82,33.0507,1.60,63.53,,
,"21 Apr 23",99.84,99.82,0.07,5626.91,165.92,98.94,100.00,7.45,-110.31,0.00,100.00,99.60,100.00,99.57,0.54,1.03,49.2649,1.53,61.97,,
,"22 Apr 23",99.92,99.66,0.23,6641.25,271.30,98.17,100.00,7.41,-111.18,0.00,99.77,100.00,100.00,100.00,0.23,0.09,47.8658,2.17,61.98,,
,"23 Apr 23",99.86,99.75,0.10,7831.77,171.72,97.86,100.00,6.79,-111.90,0.00,99.45,100.00,100.00,100.00,0.17,0.03,47.3964,1.13,70.57,,
"CH_ZQ_T1_IM_KILKJND_D","19 Apr 23",,,,,,,,,,,,,,,,,0.0000,0.00,,,
,"20 Apr 23",,,,,,,,,,,,,,,,,0.0000,0.00,,,
,"21 Apr 23",,,,,,,,,,,,,,,,,0.0000,0.00,,,
,"22 Apr 23",,,,,,,,,,,,,,,,,0.0000,0.00,,,
,"23 Apr 23",,,,,,,,,,,,,,,,,0.0000,0.00,,,
"CH_ZQ_T1_IM_MATHU5C_N","19 Apr 23",100.00,100.00,0.00,3583.23,216.22,,,7.34,,0.00,,100.00,,,0.59,0.12,4.8174,2.04,29.65,-103.24,
,"20 Apr 23",99.72,100.00,0.00,12956.98,224.14,100.00,,8.31,,0.00,100.00,100.00,,,0.58,0.00,7.0469,1.22,19.26,-107.64,
,"21 Apr 23",100.00,100.00,0.00,6965.82,286.29,100.00,,8.05,,0.00,100.00,100.00,100.00,,0.03,0.00,2.3316,0.33,12.56,-112.81,
,"22 Apr 23",99.77,100.00,0.00,3990.35,796.00,100.00,,7.56,,0.00,100.00,100.00,,,0.07,0.21,1.9421,0.24,17.40,-114.65,
,"23 Apr 23",99.83,100.00,0.00,12232.57,797.31,100.00,,8.63,,0.00,100.00,100.00,100.00,,0.00,0.00,2.9031,0.14,14.46,-116.64,
"CH_ZQ_T1_IM_PATT27B_M","19 Apr 23",100.00,100.00,0.00,1738.55,178.45,,,6.30,,0.00,,100.00,,,0.19,0.22,4.1687,2.75,50.88,-89.84,
,"20 Apr 23",100.00,100.00,0.00,2778.30,217.99,,,6.29,,0.00,,100.00,,,0.33,0.37,8.7755,4.42,52.52,-101.02,
,"21 Apr 23",99.88,100.00,0.08,3775.42,280.31,97.99,,7.83,,0.00,100.00,100.00,100.00,,0.00,0.04,8.2602,2.62,41.18,-108.41,
,"22 Apr 23",99.07,100.00,0.00,5749.87,47.43,100.00,,8.61,,,100.00,100.00,100.00,,0.00,0.02,6.5579,1.67,18.91,-107.39,
,"23 Apr 23",100.00,100.00,0.00,5060.24,354.96,98.58,,7.91,,0.00,100.00,100.00,100.00,,0.00,0.03,9.1041,2.18,22.83,-114.84,
"CH_ZQ_T1_OM_BIGST2D_D","19 Apr 23",100.00,100.00,0.29,2763.10,91.06,,,7.78,,0.00,,100.00,,,31.18,0.91,11.1412,20.85,49.40,-100.18,
,"20 Apr 23",99.55,100.00,0.41,3505.86,175.31,,,6.28,,0.00,,97.67,,,1.98,0.14,14.2593,9.11,69.75,-103.65,
,"21 Apr 23",99.75,99.63,0.43,1552.73,246.71,97.28,,5.97,,3.03,90.57,100.00,96.15,100.00,0.68,5.36,14.4386,1.77,80.39,-109.88,
,"22 Apr 23",100.00,99.41,0.30,4818.87,395.34,98.03,,7.29,,0.00,98.44,100.00,100.00,,0.14,0.44,6.4321,0.69,36.30,-114.35,
,"23 Apr 23",100.00,100.00,0.12,9225.23,469.47,99.17,,7.57,,0.00,100.00,100.00,100.00,100.00,0.00,0.47,10.9208,1.71,31.01,-115.96,
"CH_ZQ_T1_OM_CHRMR4B_B","19 Apr 23",99.58,99.83,0.00,1098.26,141.32,,,6.72,,1.09,,98.95,,,30.50,0.80,13.4896,14.56,79.69,-90.95,
,"20 Apr 23",99.62,99.79,0.00,1284.69,104.56,,,6.68,,0.85,,99.25,,,1.91,0.37,23.4302,15.40,94.44,-104.37,
,"21 Apr 23",99.69,99.80,0.04,4822.27,753.88,100.00,,8.79,,0.00,100.00,100.00,100.00,100.00,0.05,0.04,11.0439,3.92,38.51,-109.83,
,"22 Apr 23",100.00,99.89,0.00,18704.89,936.66,100.00,,9.76,,0.00,100.00,100.00,100.00,100.00,0.24,0.22,5.4081,2.45,10.75,-110.13,
,"23 Apr 23",99.82,99.97,0.00,3498.30,360.16,99.80,,7.00,,0.00,99.74,100.00,100.00,,0.69,0.43,4.1263,2.11,21.76,-113.67,
"CH_ZQ_T1_OM_CHRMR4C_C","19 Apr 23",99.77,99.78,0.00,1501.51,58.69,,,7.46,,0.45,,100.00,,,0.55,1.72,16.8978,50.05,73.37,-103.13,
,"20 Apr 23",99.82,99.74,0.01,3160.06,201.49,99.64,,7.95,,0.23,99.49,99.79,,,0.90,1.27,39.8093,59.93,76.94,-108.54,
,"21 Apr 23",99.84,99.90,0.04,3867.73,235.55,99.97,,8.88,,0.00,99.91,99.82,100.00,100.00,0.03,0.26,41.3967,32.88,67.11,-108.89,
,"22 Apr 23",99.96,99.72,0.01,1302.07,173.84,99.74,,8.00,,0.68,99.87,100.00,100.00,100.00,0.04,0.99,30.7412,27.74,83.67,-108.26,
,"23 Apr 23",99.97,99.96,0.02,1702.21,277.75,96.70,,8.20,,0.00,99.41,99.57,100.00,100.00,0.09,0.57,31.5978,21.52,79.85,-109.75,
"CH_ZQ_T1_OM_JEWEL6D_D","19 Apr 23",,,,,,,,,,,,,,,,,,,,,
,"20 Apr 23",,,,,,,,,,,,,,,,,,,,,
,"21 Apr 23",,,,,,,,,,,,,,,,,,,,,
,"22 Apr 23",,,,,,,,,,,,,,,,,,,,,
,"23 Apr 23",,,,,,,,,,,,,,,,,,,,,
"CH_ZQ_T1_OM_MOGWE4D_D","19 Apr 23",100.00,100.00,0.00,1656.54,216.75,99.28,,6.36,,0.00,100.00,100.00,100.00,,13.30,0.85,5.4423,4.05,53.85,-93.03,
,"20 Apr 23",100.00,96.53,0.00,753.25,169.72,99.73,,6.51,,0.00,100.00,100.00,100.00,,0.05,0.03,9.5745,4.39,85.03,-105.66,
,"21 Apr 23",100.00,100.00,0.28,5559.65,200.78,100.00,,8.22,,0.00,94.23,100.00,100.00,,0.28,0.08,7.9862,3.68,29.30,-112.14,
,"22 Apr 23",99.86,100.00,0.00,2489.75,326.23,100.00,,7.76,,0.00,100.00,100.00,100.00,,0.10,0.09,9.7867,3.30,59.39,-112.22,
,"23 Apr 23",100.00,99.20,0.00,1543.45,500.88,100.00,,7.94,,0.00,98.80,100.00,100.00,,0.03,0.22,9.9059,3.78,62.19,-114.96,
"CH_ZQ_T1_OM_OTTE13B_M","19 Apr 23",99.81,100.00,0.00,10316.12,823.83,100.00,0.00,8.80,,,100.00,100.00,,,0.20,0.46,14.0165,0.24,36.29,-111.73,0.00
,"20 Apr 23",100.00,99.86,0.00,4957.15,549.40,100.00,0.00,8.44,,0.00,100.00,100.00,,,0.00,0.04,15.3351,0.20,44.56,-115.56,0.00
,"21 Apr 23",100.00,99.87,0.00,7415.61,655.09,100.00,0.00,9.20,,0.00,99.05,100.00,,,0.00,0.00,7.2666,0.23,31.83,-117.66,0.00
,"22 Apr 23",100.00,100.00,0.00,10565.89,796.97,100.00,,9.69,,0.00,99.07,100.00,100.00,,0.00,0.00,6.7030,0.50,27.89,-117.46,
,"23 Apr 23",100.00,99.77,0.00,24475.47,646.06,100.00,0.00,9.41,,0.00,100.00,94.74,100.00,,0.00,0.00,12.3508,0.37,31.61,-117.87,0.00
"CH_ZQ_T1_OM_REDHI2D_D","19 Apr 23",99.77,98.41,0.00,2004.52,57.36,,,7.33,,1.54,,95.77,,,33.84,3.02,7.5346,12.70,48.52,-99.67,
,"20 Apr 23",100.00,99.28,0.00,1664.67,196.79,,,7.04,,0.00,,100.00,,,0.31,0.47,15.6725,10.40,79.03,-103.41,
,"21 Apr 23",100.00,100.00,0.00,2664.72,165.62,100.00,,6.44,,0.00,100.00,100.00,100.00,100.00,0.01,0.00,17.5237,2.03,58.95,-108.38,
,"22 Apr 23",99.88,99.87,0.00,4330.67,377.41,100.00,,7.25,,0.00,100.00,100.00,100.00,100.00,0.01,0.13,19.3173,1.81,47.76,-111.48,
,"23 Apr 23",100.00,99.88,0.00,3392.86,239.59,100.00,,7.52,,0.00,100.00,100.00,100.00,100.00,0.01,0.16,21.8729,1.24,68.14,-114.66,
"CH_ZQ_T1_OM_SWELL2A_L","19 Apr 23",99.69,99.58,0.05,5727.61,91.18,99.52,,8.69,,0.00,95.08,100.00,100.00,100.00,0.07,0.08,19.0004,1.25,54.84,-103.35,
,"20 Apr 23",99.77,99.85,0.02,5638.06,126.75,100.00,,8.68,,0.00,96.69,100.00,100.00,,0.01,0.00,18.0336,1.76,55.89,-106.07,
,"21 Apr 23",99.93,100.00,0.11,5733.26,238.90,100.00,,9.02,,0.00,87.24,100.00,100.00,100.00,0.01,0.88,21.9303,1.39,66.79,-112.32,
,"22 Apr 23",99.92,99.84,0.12,5937.00,258.46,99.58,,9.16,,0.00,93.18,100.00,100.00,100.00,0.02,0.25,25.9874,1.77,52.08,-113.48,
,"23 Apr 23",100.00,99.85,0.15,4329.43,326.65,82.58,,8.70,,0.00,95.09,100.00,100.00,,0.03,0.19,21.9013,2.28,62.87,-115.00,
"CH_ZQ_T1_OM_TARA30B_M","19 Apr 23",99.35,99.85,0.00,2135.13,222.29,99.61,,6.30,,0.00,100.00,100.00,100.00,,18.43,0.41,10.7860,6.05,64.47,-94.51,
,"20 Apr 23",99.90,99.77,0.07,2098.66,180.91,99.86,,6.40,,0.00,100.00,100.00,100.00,,7.07,0.17,13.6833,6.99,66.43,-104.75,
,"21 Apr 23",100.00,99.63,0.00,1140.39,200.43,99.83,,6.64,,0.00,99.28,98.89,100.00,,0.52,0.41,15.8697,5.13,91.64,-110.65,
,"22 Apr 23",99.83,99.74,0.00,1062.90,141.30,99.70,,6.61,,0.00,100.00,100.00,100.00,,0.16,0.90,15.4837,5.62,89.29,-109.79,
,"23 Apr 23",99.69,100.00,0.00,1081.05,183.70,99.39,,6.75,,0.00,100.00,100.00,100.00,,0.57,0.81,15.6332,4.08,88.08,-112.96,
"CH_ZQ_T1_OM_TIRMZ2C_N","19 Apr 23",99.78,99.27,0.00,1621.92,82.96,,,7.92,,0.00,,100.00,,,0.46,0.14,18.1396,11.18,76.21,-101.39,
,"20 Apr 23",99.92,99.83,0.06,3912.66,349.69,99.83,,8.00,,0.00,100.00,100.00,100.00,,0.01,0.03,30.0094,12.38,72.82,-108.11,
,"21 Apr 23",100.00,99.80,0.02,4438.46,841.26,99.90,,8.92,,0.00,100.00,100.00,100.00,100.00,0.03,0.02,21.2429,11.90,45.06,-111.32,
,"22 Apr 23",99.90,99.95,0.04,3994.73,459.94,99.40,,8.34,,0.00,100.00,100.00,100.00,,0.02,0.01,12.6715,3.98,39.70,-113.56,
,"23 Apr 23",100.00,100.00,0.00,9325.01,633.81,100.00,,8.40,,0.00,100.00,100.00,100.00,,0.00,0.01,8.7416,2.33,20.05,-116.21,
"CH_ZQ_T1_OM_TVTY24C_N","19 Apr 23",100.00,100.00,0.12,3408.48,500.90,99.04,,7.69,,0.00,100.00,100.00,,,0.01,0.06,20.6226,1.11,57.62,-105.46,
,"20 Apr 23",99.90,81.70,0.21,3165.90,501.31,78.12,,7.79,,0.00,98.00,100.00,100.00,,0.02,0.03,23.8238,0.79,64.36,-109.29,
,"21 Apr 23",100.00,99.84,0.08,6241.20,863.02,100.00,,9.52,,0.00,100.00,100.00,,,0.00,0.01,11.5771,2.03,44.76,-115.58,
,"22 Apr 23",100.00,100.00,0.11,5336.35,767.20,99.59,,8.53,,0.00,99.29,100.00,,,0.03,0.03,12.3184,0.65,39.56,-115.10,
,"23 Apr 23",100.00,100.00,0.25,7820.90,444.03,100.00,,9.15,,0.00,100.00,100.00,,,0.01,0.01,13.0339,0.54,36.73,-117.03,
"CH_ZQ_T1_OM_VADAP9C_N","19 Apr 23",99.86,99.87,0.00,2370.19,300.20,99.61,,7.19,,0.00,98.08,100.00,95.83,,0.50,0.02,7.6504,6.55,45.65,-106.59,
,"20 Apr 23",99.86,99.63,0.00,2999.15,340.17,98.76,,7.23,,0.00,100.00,100.00,100.00,,2.04,0.11,8.8610,5.67,52.42,-111.22,
,"21 Apr 23",100.00,99.71,0.00,3164.51,516.01,99.00,,8.21,,0.00,98.57,97.22,100.00,,0.70,0.48,8.7753,5.17,65.01,-114.50,
,"22 Apr 23",99.85,100.00,0.00,2771.40,786.63,99.81,,7.95,,0.00,100.00,100.00,100.00,,0.30,0.03,6.2930,2.82,43.28,-114.73,
,"23 Apr 23",99.91,100.00,0.00,3393.10,484.06,99.07,,7.89,,0.00,100.00,100.00,100.00,,0.15,0.04,5.7322,3.44,52.06,-116.08,
"CH_ZQ_T1_OM_VELC15D_D","19 Apr 23",,,,,,,,,,,,,,,,,,,,,
,"20 Apr 23",,,,,,,,,,,,,,,,,,,,,
,"21 Apr 23",,,,,,,,,,,,,,,,,,,,,
,"22 Apr 23",,,,,,,,,,,,,,,,,,,,,
,"23 Apr 23",,,,,,,,,,,,,,,,,,,,,
"CH_ZQ_T2_IM_KILKJND_D","19 Apr 23",,,,,,,,,,,,,,,,,0.0000,0.00,,,
,"20 Apr 23",,,,,,,,,,,,,,,,,0.0000,0.00,,,
,"21 Apr 23",,,,,,,,,,,,,,,,,0.0000,0.00,,,
,"22 Apr 23",,,,,,,,,,,,,,,,,0.0000,0.00,,,
,"23 Apr 23",,,,,,,,,,,,,,,,,0.0000,0.00,,,
"CH_ZQ_T2_IM_MATHU5C_N","19 Apr 23",100.00,100.00,0.00,3495.83,339.71,,,8.04,,0.00,,99.33,,,3.04,0.17,39.7751,28.89,78.32,-102.01,
,"20 Apr 23",99.95,99.93,0.00,4749.97,490.94,,,7.18,,0.00,,100.00,,,0.37,0.37,41.5568,28.74,74.49,-105.40,
,"21 Apr 23",99.96,99.91,0.00,11396.84,832.61,100.00,,8.81,,0.00,100.00,100.00,100.00,,0.02,0.17,22.7387,13.21,30.29,-110.59,
,"22 Apr 23",100.00,99.88,0.00,5714.77,338.75,100.00,,7.82,,0.00,100.00,100.00,100.00,,0.01,0.03,18.3496,6.29,30.15,-111.34,
,"23 Apr 23",100.00,99.97,0.04,7028.92,605.05,100.00,,7.84,,0.00,99.86,100.00,100.00,,0.01,0.04,22.8456,7.25,48.36,-112.61,
"CH_ZQ_T2_IM_PATT27B_M","19 Apr 23",99.75,99.86,0.01,1433.37,295.19,,,7.12,,0.00,,100.00,,,3.02,0.50,29.9565,49.68,97.02,-88.98,
,"20 Apr 23",99.86,99.76,0.00,2252.21,247.34,,,7.24,,0.00,,100.00,,,0.07,0.13,75.3145,64.65,95.43,-99.83,
,"21 Apr 23",99.91,99.90,0.00,7716.01,760.88,99.59,,7.52,,0.00,99.38,100.00,96.08,,0.01,0.05,54.8307,31.00,59.81,-106.48,
,"22 Apr 23",99.63,99.75,0.06,4913.51,95.86,98.26,,8.25,,0.00,99.82,100.00,100.00,,0.10,0.93,41.1739,25.38,45.78,-105.26,
,"23 Apr 23",99.93,99.83,0.05,8318.44,512.16,100.00,,8.13,,0.00,100.00,100.00,100.00,,0.00,0.04,50.2109,26.60,48.53,-110.22,
"CH_ZQ_T2_OM_BIGST2D_D","19 Apr 23",99.86,99.49,0.33,2775.81,130.46,98.33,,7.29,,0.00,100.00,99.67,100.00,,0.21,2.95,73.8245,9.38,83.97,-99.82,
,"20 Apr 23",99.77,99.95,0.26,5478.74,177.23,99.77,,7.46,,0.00,100.00,99.66,100.00,,0.16,0.77,64.5906,9.03,65.36,-102.50,
,"21 Apr 23",99.81,99.88,0.42,1621.58,248.36,96.98,,5.85,,1.41,89.69,99.66,99.17,,0.58,1.58,84.1005,11.63,91.20,-106.97,
,"22 Apr 23",99.87,99.97,0.03,7274.23,602.30,97.83,,7.60,,0.00,100.00,100.00,100.00,,0.01,0.13,82.0109,6.81,67.75,-110.53,
,"23 Apr 23",100.00,99.93,0.02,4372.37,887.90,99.90,,7.21,,0.00,99.36,100.00,100.00,,0.05,0.40,85.5240,7.59,81.72,-112.46,
"CH_ZQ_T2_OM_CHRMR4B_B","19 Apr 23",99.75,99.80,0.03,816.89,81.40,,,6.16,,0.00,,99.78,,,2.89,0.31,27.8178,49.48,93.55,-90.49,
,"20 Apr 23",99.81,99.94,0.01,5332.54,291.09,99.84,,7.09,,0.27,99.81,99.30,,,1.32,0.66,68.8233,62.70,60.43,-102.87,
,"21 Apr 23",99.91,99.95,0.00,7195.86,512.16,99.93,,7.26,,0.00,99.63,100.00,100.00,100.00,0.05,0.02,67.4930,9.40,55.18,-107.37,
,"22 Apr 23",99.84,99.86,0.05,6632.65,690.26,99.93,,7.00,,0.00,100.00,100.00,100.00,,0.04,0.16,60.5015,2.27,45.05,-107.49,
,"23 Apr 23",99.88,99.97,0.03,6422.17,652.34,99.90,,7.05,,0.00,99.84,99.35,100.00,,0.44,0.30,55.0698,1.37,50.87,-109.63,
"CH_ZQ_T2_OM_CHRMR4C_C","19 Apr 23",99.90,99.93,0.01,5771.13,83.87,,,8.88,,0.00,,99.45,,,0.57,3.22,36.2698,149.18,53.11,-102.16,
,"20 Apr 23",99.92,99.92,0.11,1992.36,265.14,99.46,,7.61,,0.06,95.44,99.94,,,1.04,4.37,101.6366,206.72,87.33,-106.63,
,"21 Apr 23",99.98,99.86,0.06,1588.81,392.64,99.90,,7.49,,0.22,99.57,100.00,100.00,100.00,0.04,0.14,146.1282,47.49,95.62,-107.97,
,"22 Apr 23",99.99,99.95,0.05,3046.16,474.43,99.92,,7.85,,0.83,99.89,100.00,100.00,,0.07,0.52,153.4764,20.38,90.52,-108.30,
,"23 Apr 23",99.98,99.91,0.07,2121.07,349.24,98.81,,7.81,,0.00,96.05,100.00,100.00,,0.20,1.10,156.9389,17.20,94.35,-109.15,
"CH_ZQ_T2_OM_JEWEL6D_D","19 Apr 23",,,,,,,,,,,,,,,,,,,,,
,"20 Apr 23",,,,,,,,,,,,,,,,,,,,,
,"21 Apr 23",,,,,,,,,,,,,,,,,,,,,
,"22 Apr 23",,,,,,,,,,,,,,,,,,,,,
,"23 Apr 23",,,,,,,,,,,,,,,,,,,,,
"CH_ZQ_T2_OM_MOGWE4D_D","19 Apr 23",99.98,99.93,0.00,1707.68,240.73,100.00,,6.77,,0.00,100.00,100.00,100.00,,0.03,0.09,27.2142,38.83,86.57,-92.23,
,"20 Apr 23",99.98,92.76,0.00,1459.12,252.90,100.00,,6.99,,0.00,100.00,100.00,100.00,,0.04,0.14,45.2361,47.94,91.41,-103.76,
,"21 Apr 23",100.00,99.98,0.00,2340.01,220.62,99.89,,8.03,,0.00,100.00,100.00,100.00,,0.06,0.06,53.3058,45.47,77.29,-109.14,
,"22 Apr 23",99.98,99.93,0.00,1673.44,280.40,99.94,,8.09,,0.00,99.46,100.00,100.00,,0.19,0.20,51.0884,40.41,89.19,-109.20,
,"23 Apr 23",99.30,99.84,0.01,1862.65,347.19,100.00,,8.14,,0.00,99.73,100.00,100.00,,0.18,0.30,58.8950,44.51,88.79,-110.92,
"CH_ZQ_T2_OM_OTTE13B_M","19 Apr 23",100.00,99.97,0.07,12067.52,774.34,99.72,0.00,8.19,,,99.54,100.00,,,0.00,0.00,54.3184,5.08,43.72,-109.61,0.00
,"20 Apr 23",100.00,99.94,0.03,14984.19,1509.68,100.00,0.00,8.71,,0.00,100.00,100.00,100.00,,0.00,0.01,59.3589,1.85,38.92,-112.90,0.00
,"21 Apr 23",100.00,100.00,0.00,16141.51,809.83,100.00,0.00,9.66,,,100.00,100.00,,,0.00,0.00,54.8896,5.25,35.56,-114.37,0.00
,"22 Apr 23",100.00,100.00,0.00,19051.87,1187.44,99.59,0.00,9.89,,,98.92,100.00,,,0.00,0.00,56.1513,4.40,30.76,-114.17,0.00
,"23 Apr 23",100.00,100.00,0.03,12768.46,691.69,100.00,0.00,9.55,,0.00,100.00,100.00,100.00,,0.08,0.01,77.1862,0.95,62.23,-114.67,0.00
"CH_ZQ_T2_OM_REDHI2D_D","19 Apr 23",100.00,99.93,0.00,1395.40,102.22,,,6.77,,0.00,,99.57,,,3.93,1.21,21.6789,52.17,91.09,-100.18,
,"20 Apr 23",99.98,99.74,0.00,1844.16,202.04,,,6.76,,0.00,,100.00,,,0.28,0.32,53.4329,46.06,96.65,-102.93,
,"21 Apr 23",99.78,99.83,0.00,7112.17,187.21,99.84,,7.53,,0.00,100.00,100.00,100.00,,0.01,0.06,47.8957,21.49,52.24,-106.46,
,"22 Apr 23",100.00,100.00,0.00,6436.98,509.22,99.64,,7.37,,0.00,100.00,100.00,100.00,,0.08,0.04,55.3698,15.68,61.72,-108.31,
,"23 Apr 23",99.83,99.93,0.00,4818.88,402.34,99.89,,7.05,,0.00,100.00,100.00,100.00,,0.03,0.06,60.4026,17.83,69.38,-110.07,
"CH_ZQ_T2_OM_SWELL2A_L","19 Apr 23",99.59,99.81,0.14,4319.93,177.62,99.07,,7.57,,2.13,92.53,100.00,100.00,,0.15,0.60,87.0279,3.90,78.44,-101.14,
,"20 Apr 23",99.80,99.92,0.12,6092.03,293.12,99.85,,7.89,,4.17,92.08,100.00,100.00,,0.16,1.47,83.3425,3.55,71.72,-103.31,
,"21 Apr 23",100.00,99.73,0.04,6175.75,432.93,100.00,,7.97,,5.77,97.16,100.00,100.00,,0.16,2.00,94.8221,4.69,79.33,-108.43,
,"22 Apr 23",99.92,99.91,0.24,5271.77,416.16,99.88,,7.99,,3.12,91.90,100.00,100.00,,0.03,0.15,113.6145,4.21,83.94,-109.13,
,"23 Apr 23",99.94,100.00,0.08,5593.72,972.77,100.00,,8.04,,5.26,93.90,100.00,100.00,,0.08,0.02,97.1993,4.50,73.59,-110.47,
"CH_ZQ_T2_OM_TARA30B_M","19 Apr 23",99.95,99.95,0.00,1741.44,256.42,99.84,,6.06,,0.50,100.00,100.00,100.00,,17.84,3.32,31.7581,35.17,90.67,-93.53,
,"20 Apr 23",99.82,99.90,0.01,2064.12,268.64,99.80,,6.53,,0.00,99.48,100.00,100.00,,3.46,1.99,60.0562,53.95,88.75,-103.05,
,"21 Apr 23",99.90,99.90,0.00,1740.91,251.88,99.30,,7.62,,0.44,100.00,100.00,99.02,,0.13,0.26,81.1291,46.81,93.16,-107.96,
,"22 Apr 23",99.98,99.92,0.02,1402.26,234.16,99.67,,7.50,,0.00,99.75,100.00,100.00,,0.63,0.39,67.0268,44.28,94.00,-108.19,
,"23 Apr 23",99.91,99.89,0.00,1702.43,290.77,99.61,,7.51,,0.00,100.00,99.51,100.00,,0.27,0.15,69.9856,44.40,94.16,-110.16,
"CH_ZQ_T2_OM_TIRMZ2C_N","19 Apr 23",99.96,99.90,0.00,454.77,45.07,,,7.92,,0.00,,99.87,,,0.40,0.33,51.6624,150.68,92.93,-100.32,
,"20 Apr 23",99.97,99.91,0.10,4070.56,273.08,99.82,,8.16,,0.00,100.00,100.00,,,0.53,0.54,102.8556,144.83,84.28,-106.56,
,"21 Apr 23",99.96,99.92,0.01,4122.26,759.56,99.94,,9.05,,0.00,99.83,100.00,100.00,,0.02,0.01,126.6646,70.30,83.27,-109.14,
,"22 Apr 23",99.99,99.85,0.04,5447.25,707.05,100.00,,9.08,,0.00,99.89,100.00,100.00,,0.02,0.02,84.8414,45.35,72.81,-110.49,
,"23 Apr 23",99.96,99.72,0.04,4061.01,520.73,99.83,,8.54,,0.00,99.96,100.00,100.00,,0.02,0.01,72.6803,29.95,55.86,-110.89,
"CH_ZQ_T2_OM_TVTY24C_N","19 Apr 23",99.96,99.48,0.47,7028.61,157.72,97.62,,8.70,,0.00,100.00,100.00,,,0.01,0.10,62.4236,3.97,58.42,-105.05,
,"20 Apr 23",99.86,88.17,0.40,4198.27,332.91,97.24,,7.75,,0.00,93.98,100.00,100.00,,0.04,0.03,70.5362,3.91,75.45,-108.12,
,"21 Apr 23",99.96,99.89,0.04,5112.86,863.41,99.83,,8.74,,0.00,100.00,100.00,100.00,,0.00,0.00,81.5510,3.53,79.99,-113.19,
,"22 Apr 23",100.00,99.96,0.04,4452.96,593.62,99.79,,8.83,,0.00,100.00,100.00,100.00,,0.01,0.02,91.9592,2.08,67.76,-113.15,
,"23 Apr 23",100.00,99.83,0.00,4853.90,825.60,100.00,,8.91,,0.00,99.49,100.00,100.00,,0.01,0.01,84.3856,2.70,73.71,-114.32,
"CH_ZQ_T2_OM_VADAP9C_N","19 Apr 23",99.85,99.95,0.01,1341.47,153.78,99.56,,6.73,,0.00,99.15,100.00,99.57,,0.22,0.15,51.3859,75.99,89.82,-104.74,
,"20 Apr 23",99.88,99.92,0.01,895.77,75.79,99.49,,6.62,,0.00,99.68,99.85,100.00,,0.16,0.09,54.1268,80.85,90.68,-108.14,
,"21 Apr 23",99.83,99.93,0.00,2440.03,191.49,99.70,,8.29,,0.21,99.37,100.00,99.55,,0.17,0.10,67.4875,79.37,85.44,-110.61,
,"22 Apr 23",99.75,99.89,0.00,3126.70,811.28,99.78,,8.32,,0.00,99.80,100.00,99.53,,0.15,0.04,56.7518,53.45,81.06,-110.66,
,"23 Apr 23",99.85,99.81,0.00,3813.37,1305.93,99.66,,8.19,,0.00,99.76,100.00,99.59,,0.14,0.12,50.1076,42.42,69.05,-111.53,
"CH_ZQ_T2_OM_VELC15D_D","19 Apr 23",,,,,,,,,,,,,,,,,,,,,
,"20 Apr 23",,,,,,,,,,,,,,,,,,,,,
,"21 Apr 23",,,,,,,,,,,,,,,,,,,,,
,"22 Apr 23",,,,,,,,,,,,,,,,,,,,,
,"23 Apr 23",,,,,,,,,,,,,,,,,,,,,
"TN_ZQ_T1_IM_PERUN3A_L","19 Apr 23",100.00,100.00,0.00,6983.28,251.57,,,8.40,,5.56,,100.00,,,1.80,0.40,4.6564,3.74,18.11,-109.99,
,"20 Apr 23",99.85,100.00,0.00,6178.35,520.51,100.00,,8.64,,0.00,100.00,100.00,100.00,,0.01,0.00,7.1284,5.45,32.95,-114.08,
,"21 Apr 23",100.00,99.93,0.00,5892.44,311.68,100.00,,8.87,,0.00,100.00,100.00,100.00,100.00,0.02,0.17,4.9155,5.09,31.44,-116.23,
,"22 Apr 23",100.00,100.00,0.00,7695.08,292.71,100.00,,9.49,,0.00,98.61,100.00,100.00,,0.01,0.02,3.5930,1.42,20.23,-116.72,
,"23 Apr 23",100.00,100.00,0.00,9005.66,1500.14,100.00,,9.43,,0.00,100.00,100.00,100.00,,0.00,0.00,4.4185,2.53,15.64,-117.63,
"TN_ZQ_T2_IM_PERUN3A_L","19 Apr 23",99.96,99.84,0.02,3906.16,434.02,,,7.93,,0.47,,99.77,,,0.69,0.71,70.4025,112.96,78.93,-106.59,
,"20 Apr 23",99.98,99.95,0.03,7046.71,563.49,98.40,,8.58,,0.28,100.00,100.00,,,0.46,0.34,74.8012,84.43,56.41,-109.25,
,"21 Apr 23",99.98,99.90,0.00,8626.08,1003.92,100.00,,9.64,,0.00,100.00,100.00,100.00,,0.02,0.02,79.7374,56.04,58.04,-110.69,
,"22 Apr 23",100.00,99.98,0.02,11941.50,1018.14,99.90,,10.04,,0.00,100.00,100.00,100.00,,0.01,0.04,64.7954,46.90,47.87,-110.65,
,"23 Apr 23",99.97,99.97,0.03,10618.17,1219.76,100.00,,9.60,,0.53,100.00,100.00,100.00,,0.01,0.03,72.6465,46.15,48.70,-111.57,
