Short name,,MV_RRC Setup Success Rate [CDBH],MV_ERAB Setup Success Rate [CDBH],MV_PS Drop Call Rate % [CDBH],MV_DL User Throughput_Kbps [CDBH],MV_UL User Throughput_Kbps [CDBH],MV_PS handover success rate [LTE Intra System] [CDBH],MV_CSFB Redirection Success Rate [CDBH],MV_E-UTRAN Average CQI [CDBH],UL RSSI PUCCH,MV_VoLTE DCR [CBBH],MV_PS handover success rate [LTE Inter System] [CDBH],MV_VoLTE ERAB Setup Success Rate [CBBH],MV_VoLTE IntraF HOSR Exec [CBBH],MV_VoLTE InterF HOSR Exec [CBBH],MV_VoLTE Packet Loss DL [CBBH],MV_VoLTE Packet Loss UL [CBBH],MV_4G Data Volume_GB,MV_VoLTE Traffic,MV_Average number of used DL PRBs [CDBH],UL RSSI PUCCH,CSFB Redirection Success Rate [CDBH],PS handover success rate_Nom [LTE Intra System] [CDBH],PS handover success rate_Denom [LTE Intra System] [CDBH],PS handover success rate_Nom [LTE Inter System] [CDBH],PS handover success rate_Denom [LTE Inter System] [CDBH],VoLTE DCR_Nom [CBBH],PS Drop Call Rate_Nom [CDBH],VoLTE ERAB Setup Success Rate_NOM [CBBH],VoLTE ERAB Setup Success Rate_Denom [CBBH],VoLTE IntraF HOSR Exec_Nom [CBBH],VoLTE IntraF HOSR Exec_Denom [CBBH],VoLTE InterF HOSR Exec_Nom [CBBH],VoLTE InterF HOSR Exec_Denom [CBBH],VoLTE DCR_Denom [CBBH],PS Drop Call Rate_Denom [CDBH]
CH_E_T1_OM_BELLS6A_A,24-Apr-23,,,,,,,,,,,,,,,,,,,,,,,,,,,,,,,,,,,
,25-Apr-23,,,,,,,,,,,,,,,,,,,,,,,,,,,,,,,,,,,
,26-Apr-23,,,,,,,,,,,,,,,,,,,,,,,,,,,,,,,,,,,
,27-Apr-23,100,99.23,0.2,12325.11,1438.78,95.65,,9.13,-118.1,0,100,100,100,100,0.14,14.89,3.1923,0.07,16.85,,,2024,2116,1369,1369,0,1,7,7,4,4,,4,2,496
,28-Apr-23,99.86,99.52,0.56,9452.17,565.26,99.17,,9.25,-117.78,0,87.06,100,100,100,0.81,6.63,13.486,0.17,46.56,,,14280,14400,6438,7395,0,8,24,24,10,10,,20,2,1430
CH_E_T1_OM_BELLS6A_L,24-Apr-23,,,,,,,,,,,,,,,,,,,,,,,,,,,,,,,,,,,
,25-Apr-23,,,,,,,,,,,,,,,,,,,,,,,,,,,,,,,,,,,
,26-Apr-23,,,,,,,,,,,,,,,,,,,,,,,,,,,,,,,,,,,
,27-Apr-23,100,100,0.62,11058.19,403.98,100,,9.77,-118.31,,104.76,100,100,100,0.13,0,0.9632,0.02,18.09,,,900,900,484,462,0,1,3,3,2,2,,1,0,160
,28-Apr-23,100,99.86,0.76,14957.99,57.07,98.9,,8.83,-117.25,0,92.87,100,100,100,1.59,0.14,5.3596,0.1,22.95,,,8190,8281,4664,5022,0,5,16,16,6,6,,14,5,658
CH_E_T1_OM_BELLS6B_B,24-Apr-23,,,,,,,,,,,,,,,,,,,,,,,,,,,,,,,,,,,
,25-Apr-23,,,,,,,,,,,,,,,,,,,,,,,,,,,,,,,,,,,
,26-Apr-23,,,,,,,,,,,,,,,,,,,,,,,,,,,,,,,,,,,
,27-Apr-23,100,100,0.26,11893.95,336.84,97.14,,9.92,-116.37,0,104.88,100,100,,0.08,90.8,7.9827,0.05,51.6,,,1190,1225,2706,2580,0,4,6,6,6,6,,0,3,1520
,28-Apr-23,100,99.45,0.74,15414.63,209.88,98.48,100,10.03,-116.09,20,71.91,100,100,55.56,7.36,0.59,10.2357,0.13,40.46,,,4355,4422,6528,9078,1,9,16,16,1,1,,18,5,1217
CH_E_T1_OM_BELLS6C_C,24-Apr-23,,,,,,,,,,,,,,,,,,,,,,,,,,,,,,,,,,,
,25-Apr-23,,,,,,,,,,,,,,,,,,,,,,,,,,,,,,,,,,,
,26-Apr-23,,,,,,,,,,,,,,,,,,,,,,,,,,,,,,,,,,,
,27-Apr-23,99.89,99.88,1.15,5160.1,178.37,95.95,100,9.32,-115.42,0,83.65,100,100,100,0.16,0.02,7.353,0.17,65.29,,,5254,5476,2394,2862,0,21,9,9,3,3,,5,1,1828
,28-Apr-23,100,99.81,0.07,10357.63,692.59,97.6,100,10.01,-116.51,0,100,100,100,100,7.61,6.86,19.242,0.31,55.9,,,15250,15625,780,780,0,1,18,18,1,1,,13,6,1365
CH_E_T2_OM_BELLS6A_A,24-Apr-23,,,,,,,,,,,,,,,,,,,,,,,,,,,,,,,,,,,
,25-Apr-23,,,,,,,,,,,,,,,,,,,,,,,,,,,,,,,,,,,
,26-Apr-23,,,,,,,,,,,,,,,,,,,,,,,,,,,,,,,,,,,
,27-Apr-23,99.97,99.97,0.04,10104.32,501.49,99.7,100,8.34,-115.48,0,98.98,100,100,98.46,1.07,4.45,25.7146,0.41,57.77,,,109892,110224,84970,85849,0,2,88,88,12,12,,65,17,5201
,28-Apr-23,100,99.95,0.21,9945.66,315.36,100,100,8.86,-116.03,0,95.27,100,100,96.09,5.63,0.33,59.6592,1.15,61.95,,,184041,184041,171275,179775,0,13,141,141,15,15,,128,15,6186
CH_E_T2_OM_BELLS6A_L,24-Apr-23,,,,,,,,,,,,,,,,,,,,,,,,,,,,,,,,,,,
,25-Apr-23,,,,,,,,,,,,,,,,,,,,,,,,,,,,,,,,,,,
,26-Apr-23,,,,,,,,,,,,,,,,,,,,,,,,,,,,,,,,,,,
,27-Apr-23,100,99.78,0.2,15367.78,279.03,100,100,8.93,-116.03,0,95.24,100,100,100,1.19,0,14.5934,0.26,36.88,,,52900,52900,3840,4032,0,5,150,150,15,15,,132,4,2441
,28-Apr-23,100,99.85,0.04,11855.51,242.61,99.4,100,8.28,-115.59,0,90.86,100,100,100,0.04,0.01,48.7443,1.39,67.17,,,110223,110889,40068,44099,0,3,64,64,3,3,,53,10,6896
CH_E_T2_OM_BELLS6B_B,24-Apr-23,,,,,,,,,,,,,,,,,,,,,,,,,,,,,,,,,,,
,25-Apr-23,,,,,,,,,,,,,,,,,,,,,,,,,,,,,,,,,,,
,26-Apr-23,,,,,,,,,,,,,,,,,,,,,,,,,,,,,,,,,,,
,27-Apr-23,99.99,99.92,0.03,11659.99,438.72,88.01,100,9.45,-112.5,0,93.91,100,100,100,0.74,0.16,31.9454,0.57,65.97,,,103845,117990,179330,190965,0,3,197,197,11,11,,185,16,11960
,28-Apr-23,99.95,99.74,0.05,12403.28,325.35,88.73,100,9.73,-113.06,0,96.03,100,100,100,0.02,0.03,78.1455,1.92,58.58,,,71568,80656,198795,207021,0,5,32,32,1,1,,29,2,9622
CH_E_T2_OM_BELLS6C_C,24-Apr-23,,,,,,,,,,,,,,,,,,,,,,,,,,,,,,,,,,,
,25-Apr-23,,,,,,,,,,,,,,,,,,,,,,,,,,,,,,,,,,,
,26-Apr-23,,,,,,,,,,,,,,,,,,,,,,,,,,,,,,,,,,,
,27-Apr-23,99.96,99.85,0.08,6963.82,249.46,98.39,100,8.76,-112.3,0,97.41,100,100,100,0.16,0.01,37.8258,1.3,87.57,,,185318,188356,589628,605284,0,10,163,163,17,17,,144,3,12038
,28-Apr-23,99.98,99.88,0.07,11874.4,475.41,96.81,100,9.11,-113.57,0,99.8,100,96.43,93.75,0.46,0.07,105.8726,2.32,65.9,,,115230,119025,256035,256542,0,7,247,247,27,28,,224,14,9481
CH_ZQ_T1_OM_ANNA25A_A,24-Apr-23,99.97,99.93,0.16,3612.87,827.65,99.84,0,7.43,,0,99.21,100,100,100,0.17,0.29,7.199,0.76,33.45,-114.86,0,,,,,,,,,,,3,,,
,25-Apr-23,99.93,99.82,0.04,3060.89,697.21,100,0,7.26,,0,99.7,100,100,100,0.12,0.22,7.3961,1.14,39.03,-114,0,,,,,,,,,,,1,,,
,26-Apr-23,100,100,0.03,3966.04,608.8,99.81,0,6.71,,0,100,100,100,100,0.28,0.03,9.3144,0.81,43.32,-113.59,0,,,,,,,,,,,1,,,
,27-Apr-23,100,99.93,0.09,3134.47,768.7,100,0,7.28,,0,98.55,85.71,100,,0.01,0,9.4698,1.8,51.56,-113.26,0,,,,,,,,,,,0,,,
,28-Apr-23,100,100,0.07,7253.9,589.14,100,,7.77,,0,100,100,100,,0.04,3.85,9.4555,0.73,26.1,-112.4,,,,,,,,,,,,0,,,
CH_ZQ_T1_OM_ANNA25B_B,24-Apr-23,99.87,100,0.05,7867.49,896.28,99.87,0,8.95,,0,99.79,100,100,,0,0,21.9739,1.13,48.73,-114.79,0,,,,,,,,,,,0,,,
,25-Apr-23,100,100,0.04,9791.62,648.12,99.87,0,8.48,,0,99.22,100,100,,0.01,0.03,20.7047,0.59,45.14,-114.63,0,,,,,,,,,,,0,,,
,26-Apr-23,99.97,99.93,0.06,4865.57,1017.99,99.88,0,8.57,,0,100,100,100,,0.02,0,20.408,1.67,50.75,-114.67,0,,,,,,,,,,,0,,,
,27-Apr-23,99.98,99.93,0.08,6373.3,694.77,99.9,0,8.31,,0,99.71,100,100,,0.05,0.01,21.2337,0.98,44.34,-114.38,0,,,,,,,,,,,0,,,
,28-Apr-23,100,99.89,0.06,11212.26,1921,100,,11.07,,0,100,100,100,,0.01,0.17,21.3039,0.55,36.07,-114.34,,,,,,,,,,,,0,,,
CH_ZQ_T1_OM_ANNA25C_C,24-Apr-23,99.92,100,0,12042.97,1025.4,100,0,7.95,,0,99.33,95.65,100,100,0.16,0.07,9.3282,0.45,20.68,-115.9,0,,,,,,,,,,,1,,,
,25-Apr-23,100,99.97,0.03,8345.03,634.32,98.48,0,8.84,,0,99.64,100,,,0,0,14.213,1.73,41.13,-115.74,0,,,,,,,,,,,0,,,
,26-Apr-23,100,100,0,17045.75,440.29,100,,10.11,,0,96.88,100,100,,0,0.02,17.0222,0.41,26.76,-115.1,,,,,,,,,,,,0,,,
,27-Apr-23,100,100,0,7297.74,1274.06,100,0,8.34,,0,99.57,100,100,,0.06,7.46,14.0391,0.27,37.96,-115.56,0,,,,,,,,,,,0,,,
,28-Apr-23,100,100,0,43366.3,1278.34,100,0,9.98,,0,100,100,100,,0.1,0.62,14.3882,0.26,12.26,-114.48,0,,,,,,,,,,,0,,,
CH_ZQ_T1_OM_ANNA25D_D,24-Apr-23,99.93,99.93,0.07,11396.84,908.66,99.77,0,9.65,,0,99.78,100,100,100,0.04,0.03,21.8428,1.22,36.32,-114.9,0,,,,,,,,,,,2,,,
,25-Apr-23,100,99.94,0.06,7716.38,585.81,100,0,9.26,,0,98.83,100,100,,0,0.06,22.5947,1.23,42.17,-115.2,0,,,,,,,,,,,0,,,
,26-Apr-23,100,100,0.03,7326.05,709.96,100,0,9.31,,0,99.3,100,100,,0.01,0.16,24.335,1.38,51.77,-114.9,0,,,,,,,,,,,0,,,
,27-Apr-23,99.95,99.98,0.04,7805.74,767.39,100,0,9.44,,0,99.35,100,,,0.2,0.05,27.0281,1.21,42.16,-114.9,0,,,,,,,,,,,0,,,
,28-Apr-23,100,100,0.1,6980.77,438.82,99.31,0,9.03,,0,99.81,100,100,100,0.02,0.1,27.2917,1.5,48.43,-114.19,0,,,,,,,,,,,1,,,
CH_ZQ_T1_OM_ANNA34A_A,24-Apr-23,99.85,99.61,0.28,995.11,579.23,99.92,0,7.03,,0,100,100,100,,0.16,0.25,20.1034,1.29,94.3,-113.25,0,,,,,,,,,,,0,,,
,25-Apr-23,100,99.19,0.38,1758.52,649.38,100,0,7.77,,0,100,100,100,,0.04,0.06,20.1401,1.28,87.43,-112.61,0,,,,,,,,,,,0,,,
,26-Apr-23,99.93,99.04,0.31,2505.95,887.29,100,0,8.22,,0,100,100,100,,0.2,0.16,18.3287,1.27,75.97,-112.66,0,,,,,,,,,,,0,,,
,27-Apr-23,99.77,99.18,0.28,2680.71,725.66,100,0,8.07,,0,100,100,100,,0.01,0.03,19.8171,1.14,82.61,-112.72,0,,,,,,,,,,,0,,,
,28-Apr-23,99.85,99.31,0.27,2034.3,577.84,100,0,7.72,,0,99.56,100,100,,0.07,0.09,14.012,1.14,85.91,-108.58,0,,,,,,,,,,,0,,,
CH_ZQ_T1_OM_ANNA34B_B,24-Apr-23,99.88,100,0.36,5149.47,517.06,100,0,8.86,,0,100,100,100,,0.01,0.1,11.8193,0.57,45.03,-114.21,0,,,,,,,,,,,0,,,
,25-Apr-23,99.94,100,0.15,4911.68,444.56,100,0,8.91,,0,99.44,100,100,,0.01,0.01,17.4289,0.8,53.22,-113.59,0,,,,,,,,,,,0,,,
,26-Apr-23,99.84,99.84,0.14,5484.87,1328.22,99.81,0,8.85,,0,99.56,100,100,,0.31,0.07,19.4487,0.72,56.48,-112.61,0,,,,,,,,,,,0,,,
,27-Apr-23,99.75,99.84,0.53,4600.26,543.86,100,0,8.57,,0,100,100,100,,0.22,1.13,16.0673,0.4,65.8,-112.59,0,,,,,,,,,,,0,,,
,28-Apr-23,99.95,99.33,0.33,3396.52,659.97,99.81,0,8.58,,0,100,100,100,,0.1,0.02,12.9262,0.72,66.61,-107.66,0,,,,,,,,,,,0,,,
CH_ZQ_T1_OM_ANNA34C_C,24-Apr-23,100,100,0,7720.62,818.8,100,,9.99,,0,93.33,100,,,0.23,1.69,16.5378,0.23,36.17,-114.51,,,,,,,,,,,,0,,,
,25-Apr-23,100,100,0,6932.6,802.08,100,0,9.46,,0,94,100,100,,0.32,0.33,20.6169,0.24,43.88,-113.72,0,,,,,,,,,,,0,,,
,26-Apr-23,99.79,100,0.23,6976.39,899.52,100,0,7.89,,0,80,100,100,,0.03,0.03,20.66,0.22,39.82,-113.44,0,,,,,,,,,,,0,,,
,27-Apr-23,100,99.54,0,5008.34,1246.18,100,0,8.25,,0,100,100,100,,0.08,0.25,15.9363,0.17,42.46,-113.9,0,,,,,,,,,,,0,,,
,28-Apr-23,99.84,100,0,4041.8,806.33,100,0,8.32,,0,99.51,100,,,0.06,0.06,18.1595,0.29,62.18,-109.4,0,,,,,,,,,,,0,,,
CH_ZQ_T1_OM_BELLS6A_A,24-Apr-23,99.78,100,0,7019.61,384.56,100,0,7.71,,0,100,100,100,,0.01,0.04,4.4914,0.92,31.17,-118.26,0,,,,,,,,,,,0,,,
,25-Apr-23,100,100,0.12,6004.46,573.08,99.09,0,7.84,,0,100,100,100,,0.01,0.03,10.0639,0.99,33.86,-118.49,0,,,,,,,,,,,0,,,
,26-Apr-23,99.62,100,0,22338.84,531.92,100,0,7.92,,0,92.31,100,,,0.08,0,6.5509,0.26,21.04,-118.76,0,,,,,,,,,,,0,,,
,27-Apr-23,100,100,0,9499.03,184.56,100,,7.1,,0,100,100,100,,0.01,0,1.6881,0.1,15.1,-119.17,,,,,,,,,,,,0,,,
,28-Apr-23,,,,,,,,,,,,,,,,,,,,,,,,,,,,,,,,,,,
CH_ZQ_T1_OM_BELLS6A_L,24-Apr-23,100,100,0.38,6303.2,275.1,100,,7.35,,12.5,100,100,100,100,0.37,0.04,3.6959,0.43,25.04,-117.82,,,,,,,,,,,,3,,,
,25-Apr-23,100,100,0.18,9117.33,704.22,98.18,0,7.51,,0,88.64,100,100,100,0,0.1,9.7549,2.54,28.02,-118,0,,,,,,,,,,,1,,,
,26-Apr-23,100,100,0,8236.68,600.46,100,0,8.19,,0,94.12,100,100,100,0.1,0.68,5.5214,1.74,17.62,-118.12,0,,,,,,,,,,,3,,,
,27-Apr-23,100,100,0,13475.75,1246.36,100,,8.8,,0,,100,100,,0,0.14,2.2037,0.18,9.13,-118.55,,,,,,,,,,,,0,,,
,28-Apr-23,,,,,,,,,,,,,,,,,,,,,,,,,,,,,,,,,,,
CH_ZQ_T1_OM_BELLS6B_B,24-Apr-23,100,99.88,0.45,10189.38,573.88,100,0,8.21,,0,97.62,100,100,,0.01,0.2,10.7492,0.96,51.4,-116.47,0,,,,,,,,,,,0,,,
,25-Apr-23,100,100,0.37,6926.71,1385.97,98.78,0,8.27,,0,100,100,100,,0.01,0.06,10.3146,1.49,28.2,-117.42,0,,,,,,,,,,,0,,,
,26-Apr-23,100,100,1.14,5653.57,1368.96,100,0,7.89,,0,100,100,100,,0.03,2.73,9.669,1.42,30.8,-116.56,0,,,,,,,,,,,0,,,
,27-Apr-23,100,100,0,8605.97,525.72,100,,8.24,,0,100,100,100,,0.09,0.78,3.3607,0.49,15.33,-116.64,,,,,,,,,,,,0,,,
,28-Apr-23,,,,,,,,,,,,,,,,,,,,,,,,,,,,,,,,,,,
CH_ZQ_T1_OM_BELLS6C_C,24-Apr-23,100,99.84,0.28,6358.2,410.81,100,0,7.55,,0,98.89,100,100,,0.16,0.59,7.033,1.26,34.08,-115.15,0,,,,,,,,,,,0,,,
,25-Apr-23,99.83,99.81,0.09,5752.54,100.79,100,,6.99,,0,100,100,100,,0.03,1.33,10.8555,2.74,44.14,-115.39,,,,,,,,,,,,0,,,
,26-Apr-23,99.72,99.68,0.71,3933.75,173.31,99.46,0,7.05,,0,100,100,100,,0.06,2.22,10.7033,2.25,45.64,-115.36,0,,,,,,,,,,,0,,,
,27-Apr-23,100,99.74,0.56,6407.65,245.54,100,0,7.66,,0,92.86,100,100,,0.06,1.25,4.5453,0.63,31.8,-115.39,0,,,,,,,,,,,0,,,
,28-Apr-23,,,,,,,,,,,,,,,,,,,,,,,,,,,,,,,,,,,
CH_ZQ_T1_OM_BHAR19A_A,24-Apr-23,99.91,99.81,0,2305.64,287.47,99.83,0,6.27,,0,99.15,100,100,,0,0,9.2482,0.1,60.12,-113.13,0,,,,,,,,,,,0,,,
,25-Apr-23,100,100,0,2578.88,442.19,99.79,,6.45,,0,100,100,100,,0,0,10.5121,0.17,57.92,-112.3,,,,,,,,,,,,0,,,
,26-Apr-23,99.85,97.7,0,3498.79,326.21,99.57,0,6.75,,0,99.3,100,100,,0.14,0,8.9516,0.13,50.26,-111.43,0,,,,,,,,,,,0,,,
,27-Apr-23,99.88,99.74,0,2874.11,510.78,100,0,6,,,98.85,100,100,,0.38,0.15,10.2016,0.11,67.96,-110.1,0,,,,,,,,,,,0,,,
,28-Apr-23,100,100,0,3113.87,134.63,100,0,6.58,,0,100,100,100,,0,0.22,10.136,0.11,50.86,-109.99,0,,,,,,,,,,,0,,,
CH_ZQ_T1_OM_BHAR19B_B,24-Apr-23,99.77,99.76,0,3369.6,444.81,98.78,,7.67,,,99.31,100,,,0,0.02,10.2288,0.8,54.68,-114.91,,,,,,,,,,,,0,,,
,25-Apr-23,100,100,0,3321.85,460.34,100,0,8.09,,0,99.56,100,100,,0,0.01,19.1108,1.12,70.51,-114.07,0,,,,,,,,,,,0,,,
,26-Apr-23,99.8,100,0,4218.83,405.9,99.03,0,8.42,,,100,100,,,0,0.1,15.897,0.97,62.85,-113.66,0,,,,,,,,,,,0,,,
,27-Apr-23,100,99.82,0,4066.79,459.75,100,,7.76,,0,99.51,100,,,0.02,0,16.7525,0.16,69.85,-113.84,,,,,,,,,,,,0,,,
,28-Apr-23,99.8,100,0,9733.68,380.47,98.68,,8.79,,0,99.14,100,,,0.16,0.03,18.1187,0.14,60.61,-113.48,,,,,,,,,,,,0,,,
CH_ZQ_T1_OM_BHAR19C_C,24-Apr-23,100,100,0,8188.99,626.65,100,0,7.51,,33.33,100,100,,,0,0,3.7534,0.03,41.5,-117.82,0,,,,,,,,,,,0,,,
,25-Apr-23,99.81,100,0,5811.73,802.6,100,0,7.61,,0,100,100,100,,0.45,0,7.4719,0.06,38.23,-117.32,0,,,,,,,,,,,0,,,
,26-Apr-23,100,100,0,12465.58,739.55,99.51,0,9.36,,0,100,100,,,0,0.07,5.6859,0.08,22.61,-116.12,0,,,,,,,,,,,0,,,
,27-Apr-23,100,99.82,0,4274.87,797.2,99.34,0,7.46,,0,100,100,,,1.71,0,6.672,0.06,45.41,-116.85,0,,,,,,,,,,,0,,,
,28-Apr-23,100,99.82,0.08,7845.12,442.15,100,,7.61,,0,100,100,,,0,0,9.5061,0.06,55.48,-115.61,,,,,,,,,,,,0,,,
CH_ZQ_T1_OM_BHAR19C_N,24-Apr-23,99.83,100,0,4307.55,929.89,99.11,0,7.6,,0,99.55,100,100,,0,0.03,6.8427,0.27,57.39,-117.32,0,,,,,,,,,,,0,,,
,25-Apr-23,99.94,99.85,0,5668.57,896.94,99.63,0,8.67,,0,99.47,100,100,,0.31,0,23.9075,0.58,57.97,-116.02,0,,,,,,,,,,,0,,,
,26-Apr-23,100,99.97,0,5417.01,978.87,98.35,0,8.65,,0,99.74,98.73,100,,0,0.01,21.4231,0.49,56.45,-114.8,0,,,,,,,,,,,0,,,
,27-Apr-23,99.96,99.98,0,5845.52,986.39,99.34,0,8.89,,0,99.83,100,100,,0.05,0.02,29.148,1.15,50.7,-115.47,0,,,,,,,,,,,0,,,
,28-Apr-23,99.84,100,0,7671.72,536.23,99.22,0,8.22,,0,100,100,100,,0.21,0.18,19.9804,0.13,62.93,-115.05,0,,,,,,,,,,,0,,,
CH_ZQ_T1_OM_BHAR19D_D,24-Apr-23,99.42,99.67,0,2597.68,524.05,98.98,,6,,0,100,100,100,,2.2,0,7.8871,0.05,52.77,-115.06,,,,,,,,,,,,0,,,
,25-Apr-23,100,100,0,16614.59,1552.09,100,,11.26,,,100,100,100,,0,1.14,8.8889,0.09,11.58,-114.45,,,,,,,,,,,,0,,,
,26-Apr-23,100,100,0.23,2885.84,244.27,99.4,0,6.35,,0,100,100,,,0,0,7.8858,0.08,40.2,-114.01,0,,,,,,,,,,,0,,,
,27-Apr-23,100,100,0.05,2467.67,507.65,99.79,0,6.34,,0,100,100,,,0.59,0,7.4204,0.06,44.79,-112.85,0,,,,,,,,,,,0,,,
,28-Apr-23,100,99.77,0.13,1743.54,152.07,99.75,,6.19,,0,99.51,100,100,,0,0,8.9381,0.08,63.79,-112.78,,,,,,,,,,,,0,,,
CH_ZQ_T1_OM_CWM226A_A,24-Apr-23,,,,,,,,,,,,,,,,,0,0,,,,,,,,,,,,,,0,,,
,25-Apr-23,,,,,,,,,,,,,,,,,0,0,,,,,,,,,,,,,,0,,,
,26-Apr-23,,,,,,,,,,,,,,,,,0,0,,,,,,,,,,,,,,0,,,
,27-Apr-23,,,,,,,,,,,,,,,,,0,0,,,,,,,,,,,,,,0,,,
,28-Apr-23,,,,,,,,,,,,,,,,,0,0,,,,,,,,,,,,,,0,,,
CH_ZQ_T1_OM_CWM226B_B,24-Apr-23,,,,,,,,,,,,,,,,,0,0,,,,,,,,,,,,,,0,,,
,25-Apr-23,,,,,,,,,,,,,,,,,0,0,,,,,,,,,,,,,,0,,,
,26-Apr-23,,,,,,,,,,,,,,,,,0,0,,,,,,,,,,,,,,0,,,
,27-Apr-23,,,,,,,,,,,,,,,,,0,0,,,,,,,,,,,,,,0,,,
,28-Apr-23,,,,,,,,,,,,,,,,,0,0,,,,,,,,,,,,,,0,,,
CH_ZQ_T1_OM_CWM226C_C,24-Apr-23,,,,,,,,,,,,,,,,,0,0,,,,,,,,,,,,,,0,,,
,25-Apr-23,,,,,,,,,,,,,,,,,0,0,,,,,,,,,,,,,,0,,,
,26-Apr-23,,,,,,,,,,,,,,,,,0,0,,,,,,,,,,,,,,0,,,
,27-Apr-23,,,,,,,,,,,,,,,,,0,0,,,,,,,,,,,,,,0,,,
,28-Apr-23,,,,,,,,,,,,,,,,,0,0,,,,,,,,,,,,,,0,,,
CH_ZQ_T1_OM_MANI22A_A,24-Apr-23,100,100,0,5181.01,915.9,100,0,8.53,,0,92.21,100,100,100,0,0.2,5.7985,0.15,22.25,-117.48,0,,,,,,,,,,,2,,,
,25-Apr-23,100,99.89,0,5819.44,986.56,99.32,0,9.01,,0,86.67,100,,,0.14,0,6.7666,0.15,29.33,-116.55,0,,,,,,,,,,,0,,,
,26-Apr-23,100,100,0,10140.53,400.48,99.35,0,8.57,,0,89.8,100,100,,0,0,6.5421,0.16,20.56,-116.43,0,,,,,,,,,,,0,,,
,27-Apr-23,99.77,100,0,6636.09,581.42,100,0,8.52,,0,93.44,100,100,100,0.07,0,4.545,0.13,16.13,-116.63,0,,,,,,,,,,,3,,,
,28-Apr-23,100,100,0,8318.95,311.58,98.51,,8.07,,0,93.33,100,100,,0.06,0,4.0986,0.14,20.06,-114.44,,,,,,,,,,,,0,,,
CH_ZQ_T1_OM_MANI22B_B,24-Apr-23,100,100,0,8557.45,863.63,100,,8.12,,0,99.22,100,100,,0.03,0,8.8355,0.14,46.56,-117.82,,,,,,,,,,,,0,,,
,25-Apr-23,100,100,0,6497.45,908.36,100,0,7.72,,0,100,100,,100,0,0.01,9.6306,0.37,37.61,-117.61,0,,,,,,,,,,,1,,,
,26-Apr-23,100,99.8,0,10803.88,858.99,100,0,8.48,,0,100,100,100,,0.15,0,10.3574,0.08,28.28,-117.07,0,,,,,,,,,,,0,,,
,27-Apr-23,100,100,0,5356.67,1109.39,100,,7.79,,,100,100,,,0,0,10.7078,0.05,50.19,-115.06,,,,,,,,,,,,0,,,
,28-Apr-23,100,100,0,4109.63,735.62,99.29,,7.29,,0,100,100,,,0,0,10.9515,0.08,46.69,-114.45,,,,,,,,,,,,0,,,
CH_ZQ_T1_OM_MANI22C_C,24-Apr-23,99.96,100,0.04,3678.62,585.8,99.58,0,8.38,,,99.19,100,100,,0,0.01,42.6506,0.9,79.18,-115.14,0,,,,,,,,,,,0,,,
,25-Apr-23,99.94,99.93,0.03,3513.1,834.22,100,0,8.66,,0,100,100,100,100,0.01,0,37.9459,1.18,77.09,-115.04,0,,,,,,,,,,,1,,,
,26-Apr-23,99.96,99.92,0,4016.9,746.36,99.33,0,8.71,,0,100,100,100,100,0,0.05,40.8886,1.21,76.15,-114.37,0,,,,,,,,,,,1,,,
,27-Apr-23,100,99.79,0.02,3714.92,665.35,100,0,8.5,,0,92.91,100,100,,0.02,0,34.0113,0.54,79.36,-114.13,0,,,,,,,,,,,0,,,
,28-Apr-23,99.92,99.96,0,6820.14,476.9,100,0,8.19,,0,99.08,100,100,100,0,0.1,43.9268,0.8,64.71,-113.11,0,,,,,,,,,,,1,,,
CH_ZQ_T1_OM_MANI22D_D,24-Apr-23,100,99.58,0,7988.66,353.69,100,0,8.58,,0,97.87,92.86,100,,0,0,6.2268,0.06,30,-117.97,0,,,,,,,,,,,0,,,
,25-Apr-23,100,100,0,8208.54,1590.51,100,,8.54,,0,97.06,100,,,0,0,4.8148,0.07,15.87,-117.94,,,,,,,,,,,,0,,,
,26-Apr-23,100,100,0,5228.39,2798.21,99.56,,8.62,,0,98.08,100,100,,0,0,3.6998,0.07,16.6,-117.38,,,,,,,,,,,,0,,,
,27-Apr-23,100,100,0,8366.89,466.69,100,0,8.28,,0,97.14,100,,,0,0,2.8843,0.05,15.45,-117.16,0,,,,,,,,,,,0,,,
,28-Apr-23,100,100,0,7789.43,480.41,100,0,9.05,,0,100,100,100,,0.02,0,4.0082,0.33,14.76,-115.81,0,,,,,,,,,,,0,,,
CH_ZQ_T1_OM_PATT30A_A,24-Apr-23,100,100,0,9040.34,585.44,100,,8.26,,0,100,100,100,,0.03,0,6.9515,0.26,20.48,-117.97,,,,,,,,,,,,0,,,
,25-Apr-23,100,100,0,9876.82,1139.3,100,0,8.99,,0,100,100,,,0.01,0,8.4045,0.62,28.07,-117.66,0,,,,,,,,,,,0,,,
,26-Apr-23,100,100,0,15365.41,829.7,100,0,9.74,,0,100,100,,,0.04,0.01,11.1787,0.56,25.83,-117.4,0,,,,,,,,,,,0,,,
,27-Apr-23,100,100,0.13,8463.22,618.66,100,0,8.79,,,100,100,100,,0,0,15.7764,0.74,51.94,-117.26,0,,,,,,,,,,,0,,,
,28-Apr-23,100,100,0,6874.77,1064.09,100,,8.1,,0,100,100,,100,0,0.03,9.9844,1.02,33.65,-116.98,,,,,,,,,,,,1,,,
CH_ZQ_T1_OM_PATT30B_B,24-Apr-23,99.78,99.84,0.02,2749.09,389.5,99.32,0,8.03,,0,94.08,100,100,,0.07,0.82,55.4768,3.77,92.93,-114.12,0,,,,,,,,,,,0,,,
,25-Apr-23,99.9,99.92,0,2306.52,326.16,99.31,0,8,,0,99.85,100,100,,0.07,0.37,55.8936,4.95,94.41,-113.75,0,,,,,,,,,,,0,,,
,26-Apr-23,99.96,99.88,0.02,3922,335.04,99.22,0,8.34,,4.55,99.7,100,100,,0.16,0.68,55.3299,3.61,77.96,-112.09,0,,,,,,,,,,,0,,,
,27-Apr-23,99.95,99.71,0,2450.23,578.19,99.48,0,7.61,,0,99.65,100,100,,0.02,0.04,59.8288,3.34,93.58,-113.75,0,,,,,,,,,,,0,,,
,28-Apr-23,98.84,99.74,0,3384.36,134.82,99.09,0,8.06,,0,99.85,100,100,,0.07,0.02,65.7202,5.39,83.73,-111.72,0,,,,,,,,,,,0,,,
CH_ZQ_T1_OM_PATT30B_M,24-Apr-23,100,100,0,9857.93,1127.72,100,,9.27,,0,100,100,100,,0,0,2.5487,0.04,14.49,-118.19,,,,,,,,,,,,0,,,
,25-Apr-23,100,100,0,6248.19,1033.79,100,0,8.24,,0,100,100,,,0,0,3.0299,0.02,16.77,-118.03,0,,,,,,,,,,,0,,,
,26-Apr-23,100,100,0,4028.53,418.4,100,0,7.26,,0,100,100,,,0,0,2.2222,0.02,37.42,-117.74,0,,,,,,,,,,,0,,,
,27-Apr-23,100,100,0,22715.23,1412.3,100,,11.35,,,100,100,100,,0,0,3.7403,0.02,5.43,-117.93,,,,,,,,,,,,0,,,
,28-Apr-23,99.48,100,0,3737.15,1040.07,100,0,6.96,,,100,100,,,0,0,3.0527,0.01,35.6,-117.41,0,,,,,,,,,,,0,,,
CH_ZQ_T1_OM_PATT30C_C,24-Apr-23,99.93,99.75,0,4142.48,637.43,99.04,0,7.32,,0,99.45,100,100,,0,0.01,16.1432,0.91,60.12,-115.33,0,,,,,,,,,,,0,,,
,25-Apr-23,100,99.76,0,3491.68,467.87,100,0,7.2,,0,100,100,100,,0.05,0,18.6655,1.19,50.57,-114.91,0,,,,,,,,,,,0,,,
,26-Apr-23,100,100,0,4628.05,842.85,100,0,8.16,,0,100,100,100,,0.03,0,14.9011,0.95,29.39,-114.02,0,,,,,,,,,,,0,,,
,27-Apr-23,99.94,100,0,4080.82,565.74,100,0,7.45,,0,99.73,100,100,,0.06,0.01,17.0224,1.32,67.52,-114.36,0,,,,,,,,,,,0,,,
,28-Apr-23,100,100,0,8874.43,482.56,99.1,0,7.63,,0,100,100,100,,0.09,0.03,21.5906,1.9,35.62,-112.91,0,,,,,,,,,,,0,,,
CH_ZQ_T1_OM_PATT30D_D,24-Apr-23,99.92,100,0.09,3025.12,265.19,99.38,0,7.48,,0,98.98,100,100,,0.18,0.02,29.0212,0.44,86.59,-115.62,0,,,,,,,,,,,0,,,
,25-Apr-23,99.9,99.78,0,2255.85,165.85,99.7,0,7.18,,0,99.61,100,100,100,0.5,0.13,28.6971,0.57,84.37,-114.85,0,,,,,,,,,,,1,,,
,26-Apr-23,99.84,99.76,0,7105.57,256,97.67,,8.34,,0,100,100,85.71,,0.11,4.69,25.4972,0.35,45.82,-114.36,,,,,,,,,,,,0,,,
,27-Apr-23,99.85,99.87,0.1,2882.66,187.72,100,0,7.27,,0,100,100,,,0.07,0.21,28.0185,0.51,80.82,-113.74,0,,,,,,,,,,,0,,,
,28-Apr-23,99.62,99.62,0.02,5167.12,119.18,98.82,0,7.51,,0,99.49,100,100,,0.11,11.2,29.1122,0.33,67.76,-113.02,0,,,,,,,,,,,0,,,
CH_ZQ_T1_OM_VALU12A_A,24-Apr-23,99.85,99.97,0,3401.6,623.91,98.94,0,7.75,,0,98.67,100,100,,0.03,0.01,22.4026,2.81,62.34,-114.05,0,,,,,,,,,,,0,,,
,25-Apr-23,99.87,99.95,0,3545.02,514.73,98.97,0,7.28,,0,99.29,98.94,100,,0,0.02,15.4473,1.76,59.64,-114.34,0,,,,,,,,,,,0,,,
,26-Apr-23,100,99.89,0.07,4983.23,552.27,99.42,0,7.81,,0,99.74,100,100,,1.17,0.15,18.2356,1.75,61.85,-113.94,0,,,,,,,,,,,0,,,
,27-Apr-23,100,99.91,0.02,5475.87,760.55,99.28,0,7.48,,0,99.04,100,100,,0,0.01,17.0189,1.65,48.89,-113.06,0,,,,,,,,,,,0,,,
,28-Apr-23,99.95,100,0,4065.53,929.13,98.12,0,7.34,,0,100,100,100,,0.02,0.04,15.7059,1.3,54.18,-112.48,0,,,,,,,,,,,0,,,
CH_ZQ_T1_OM_VALU12B_B,24-Apr-23,99.91,99.91,0.03,6032.76,644.51,99.74,0,7.96,,0,95.34,100,100,,0.01,0.02,15.6516,5,39.9,-114.1,0,,,,,,,,,,,0,,,
,25-Apr-23,99.9,99.95,0.1,4539.12,428.63,99.62,0,7.59,,0,96.43,100,100,,0,0.01,9.9736,3.58,47.6,-114.96,0,,,,,,,,,,,0,,,
,26-Apr-23,99.91,99.95,0.11,5122.24,582.69,99.68,0,7.26,,0,94.93,100,100,,0,0.01,11.7149,2.67,51.48,-114.59,0,,,,,,,,,,,0,,,
,27-Apr-23,100,99.7,0,7827.38,1211.72,100,0,7.93,,0,96,100,100,,0.01,0.01,13.6744,2.78,51.07,-113.79,0,,,,,,,,,,,0,,,
,28-Apr-23,99.75,100,0.07,8241.4,661.37,100,0,8.1,,0,99.11,100,100,,0.01,0.01,10.3158,3.34,33.49,-113.59,0,,,,,,,,,,,0,,,
CH_ZQ_T1_OM_VALU12C_C,24-Apr-23,99.94,99.98,0.02,6779.23,613.6,99.76,0,8.24,,0,99.27,100,100,,0.06,0.05,16.7304,1.11,36.25,-115.04,0,,,,,,,,,,,0,,,
,25-Apr-23,99.95,100,0,5910.9,604.92,100,0,7.93,,0,98.97,100,100,,0.03,0,7.9932,0.37,28.28,-115.91,0,,,,,,,,,,,0,,,
,26-Apr-23,99.76,100,0,5204.94,263.47,100,0,7.47,,0,96.3,100,100,,0.03,0.05,7.7008,0.72,29.09,-114.41,0,,,,,,,,,,,0,,,
,27-Apr-23,100,100,0,12355.12,631.37,100,,7.66,,0,96.47,100,100,,0,0.02,8.8257,0.92,22.67,-115.03,,,,,,,,,,,,0,,,
,28-Apr-23,100,100,0,5516.93,428.1,99.76,,8.37,,0,98.37,100,100,,0.04,0.07,6.4087,0.45,31.04,-113.99,,,,,,,,,,,,0,,,
CH_ZQ_T1_OM_VALU12D_D,24-Apr-23,100,99.93,0.01,7408.68,579.39,99.78,0,9.7,,0,99,100,100,,0.02,0.03,26.8878,1.71,46.99,-112.7,0,,,,,,,,,,,0,,,
,25-Apr-23,100,99.9,0.06,7266.97,1093.38,99.89,0,9.3,,0,99.46,100,100,,0.01,0.05,22.9986,1.33,44.25,-113.68,0,,,,,,,,,,,0,,,
,26-Apr-23,100,99.91,0.02,8558.62,746.53,99.9,0,9.49,,0,96.9,100,100,,0.03,0.2,21.595,1.56,46.54,-112.56,0,,,,,,,,,,,0,,,
,27-Apr-23,99.93,99.97,0.03,6217.3,547.74,99.82,0,9.33,,0,100,100,100,,0.01,0.07,21.7921,1.29,57.52,-112.08,0,,,,,,,,,,,0,,,
,28-Apr-23,99.98,99.97,0.02,8377.24,657.32,99.81,0,9.63,,0,99.7,100,100,,0,0.18,19.2671,1.33,43.69,-111.95,0,,,,,,,,,,,0,,,
CH_ZQ_T2_OM_ANNA25A_A,24-Apr-23,99.96,99.88,0.15,4122.84,735.39,100,0,7.25,,0,99.89,100,100,,0.36,0.09,44.9985,4.17,63.17,-111.16,0,,,,,,,,,,,0,,,
,25-Apr-23,99.98,99.94,0.2,4010.19,757.56,99.94,0,7.23,,0,99.83,100,100,,0.19,0.11,44.9212,5.73,62.21,-110.06,0,,,,,,,,,,,0,,,
,26-Apr-23,99.96,99.91,0.09,3206.33,751.42,99.83,0,6.98,,0,99.84,100,100,,0.34,0.13,49.5543,3.96,71.63,-109.95,0,,,,,,,,,,,0,,,
,27-Apr-23,100,99.92,0.07,3458.94,842.18,100,0,7.35,,0,99.54,100,100,,0.05,0.06,56.1392,3.4,75.05,-109.98,0,,,,,,,,,,,0,,,
,28-Apr-23,99.95,99.93,0.04,5688.68,1116.16,100,0,7.07,,0,99.75,99.37,100,100,0.07,0.01,59.6867,2.97,62.77,-108.96,0,,,,,,,,,,,1,,,
CH_ZQ_T2_OM_ANNA25B_B,24-Apr-23,99.97,99.88,0.08,5836.47,842.61,99.96,0,8.31,,0,99.65,100,100,,0.04,0.03,138.1535,3.8,83.35,-110.63,0,,,,,,,,,,,0,,,
,25-Apr-23,99.66,94.62,0.09,15893.71,1512.09,100,0,10.06,,0,97.77,100,100,,0.04,0.03,131.0169,3.25,52.08,-109.93,0,,,,,,,,,,,0,,,
,26-Apr-23,100,99.94,0.11,13395.44,1781.01,100,0,10.04,,0,100,100,100,,0.01,0.06,127.4315,3.89,60.56,-110.04,0,,,,,,,,,,,0,,,
,27-Apr-23,99.95,99.95,0.09,15446.56,1822.18,100,0,10.25,,0,100,100,100,,0.01,0.01,130.7661,4.65,61.29,-109.96,0,,,,,,,,,,,0,,,
,28-Apr-23,99.96,100,0.05,15512.1,1325.77,99.76,0,9.67,,0,99.74,100,100,,0.04,0.07,126.9639,3.57,62.6,-109.81,0,,,,,,,,,,,0,,,
CH_ZQ_T2_OM_ANNA25C_C,24-Apr-23,99.91,100,0.04,10979.45,849.63,99.86,0,8.1,,,99.59,100,100,,0,0.04,80.1753,4.45,52,-111.94,0,,,,,,,,,,,0,,,
,25-Apr-23,99.93,99.86,0.09,7957.96,615.94,99.68,0,7.79,,0,99.58,100,100,,0.01,0.03,93.273,3.64,69,-111.69,0,,,,,,,,,,,0,,,
,26-Apr-23,99.97,99.99,0.16,10838.03,963.78,100,0,7.84,,0,99.72,100,100,,0.04,0.32,91.4322,5.89,52.56,-111.24,0,,,,,,,,,,,0,,,
,27-Apr-23,100,99.97,0.03,12443.3,1589.67,100,0,8.47,,0,99.82,100,,,0.05,0,89.2328,2.78,51.37,-111.5,0,,,,,,,,,,,0,,,
,28-Apr-23,100,99.92,0.04,9127.21,1222.73,99.87,0,7.99,,0,99.89,100,100,,0.01,0.24,90.5642,3.89,56.73,-110.57,0,,,,,,,,,,,0,,,
CH_ZQ_T2_OM_ANNA25D_D,24-Apr-23,100,99.98,0.04,13937.88,964.05,100,0,9.14,,0,99.32,100,100,,0.08,0.06,137.5897,4.99,53.6,-111.27,0,,,,,,,,,,,0,,,
,25-Apr-23,99.95,99.97,0.05,10932.3,4664.08,99.73,0,9.05,,0,99.46,100,100,,0.01,0.06,136.7652,5.7,55.77,-111.06,0,,,,,,,,,,,0,,,
,26-Apr-23,99.93,99.96,0.07,7120.48,771.22,99.93,0,9,,0,99.87,100,100,,0.06,0.83,136.0589,5.58,74.3,-110.91,0,,,,,,,,,,,0,,,
,27-Apr-23,99.96,99.92,0.07,8748.66,773.06,99.68,0,8.9,,0,99.77,100,95.24,,0.11,0.42,132.2154,4.28,66.51,-111.04,0,,,,,,,,,,,0,,,
,28-Apr-23,99.95,99.91,0.12,7255.28,845.03,99.58,0,8.74,,0,99.92,100,100,,0.06,0.03,139.1184,4.87,71.72,-110.27,0,,,,,,,,,,,0,,,
CH_ZQ_T2_OM_ANNA34A_A,24-Apr-23,99.92,97.69,0.15,664.61,513.57,100,0,7.67,,0,99.83,100,100,,0.04,1.13,86.5344,17.35,94.46,-107.71,0,,,,,,,,,,,0,,,
,25-Apr-23,99.95,97.35,0.25,1298.62,670.66,100,0,8.15,,0.94,99.92,100,100,,0.09,0.1,80.6093,15.71,94.69,-106.98,0,,,,,,,,,,,0,,,
,26-Apr-23,99.96,99.64,0.24,2463.69,1007.79,100,0,8.48,,0.77,99.9,100,100,,0.07,0.04,79.7345,15.34,92.02,-107.54,0,,,,,,,,,,,0,,,
,27-Apr-23,99.96,99.68,0.12,2035.26,945.92,99.96,0,8.44,,0,100,100,100,,0.04,0.05,78.7448,15.27,93.25,-107.12,0,,,,,,,,,,,0,,,
,28-Apr-23,99.93,99.71,0.15,2929.94,1500,99.95,0,8.19,,0,99.9,100,100,,0.05,0.08,62.019,10.98,94.2,-104.24,0,,,,,,,,,,,0,,,
CH_ZQ_T2_OM_ANNA34B_B,24-Apr-23,99.96,99.91,0.11,5715.21,546.76,100,0,8.75,,0.89,100,100,100,,0.03,0.02,77.7153,18.38,73.01,-107.21,0,,,,,,,,,,,0,,,
,25-Apr-23,99.98,99.92,0.06,4579.68,674.74,99.93,0,8.8,,0,100,100,100,,0.06,0.07,78.1904,19.27,69.53,-107.13,0,,,,,,,,,,,0,,,
,26-Apr-23,99.94,99.93,0.12,4669.28,649.67,100,0,8.62,,0,99.63,99.86,100,,0.02,0.14,80.1121,18.48,74.75,-106.61,0,,,,,,,,,,,0,,,
,27-Apr-23,99.93,99.95,0.09,4259.19,521.17,99.89,0,8.54,,0,99.72,100,97.67,,0.04,0.03,67.1479,14.6,77.36,-106.55,0,,,,,,,,,,,0,,,
,28-Apr-23,99.95,99.81,0.07,4086.8,680.23,100,0,8.44,,0,99.91,100,100,,0.08,0.07,54.5454,13.62,77.15,-103.08,0,,,,,,,,,,,0,,,
CH_ZQ_T2_OM_ANNA34C_C,24-Apr-23,99.97,99.88,0.07,7556.28,564.47,100,0,8.57,,0,99.71,100,100,,0.05,0.26,68.2731,6.77,51.73,-107.41,0,,,,,,,,,,,0,,,
,25-Apr-23,99.93,99.89,0.1,6491.53,636.12,100,0,8.37,,0,99.73,100,100,,0.01,0.01,64.7485,6.63,58.8,-107.16,0,,,,,,,,,,,0,,,
,26-Apr-23,99.96,99.9,0.07,6174.23,629.32,100,0,8.32,,0,99.56,100,100,,0.02,0.04,59.5026,12.43,52.2,-106.92,0,,,,,,,,,,,0,,,
,27-Apr-23,100,100,0.04,7519.88,526.4,100,0,8.22,,0,99.73,100,100,,0.01,0.15,51.6835,9.45,50.21,-106.73,0,,,,,,,,,,,0,,,
,28-Apr-23,99.97,99.56,0.09,6530.99,572.38,99.76,0,8.89,,0,99.68,100,100,,0.02,0.13,51.3606,7.64,65.31,-104.2,0,,,,,,,,,,,0,,,
CH_ZQ_T2_OM_BELLS6A_A,24-Apr-23,99.9,99.95,0.08,9364.37,934.07,98.91,0,7.75,,0,100,100,90,,0.01,0.01,17.6988,5.19,39.88,-113.53,0,,,,,,,,,,,0,,,
,25-Apr-23,99.89,100,0.03,8672.47,678.97,99.36,0,7.92,,0,100,100,100,,0.01,0,40.4694,6.03,48.88,-114.6,0,,,,,,,,,,,0,,,
,26-Apr-23,99.9,100,0.1,10174.02,712.03,100,0,6.83,,8.33,100,100,80,,0.03,0.01,27.7478,3.6,31.84,-114.94,0,,,,,,,,,,,0,,,
,27-Apr-23,100,99.88,0.14,24323.69,773.86,94.81,0,7.05,,0,99.34,100,100,,0.11,0.02,17.6521,1.02,32.46,-114.91,0,,,,,,,,,,,0,,,
,28-Apr-23,,,,,,,,,,,,,,,,,,,,,,,,,,,,,,,,,,,
CH_ZQ_T2_OM_BELLS6A_L,24-Apr-23,100,99.84,0.28,11006.05,359.66,98.89,0,8.4,,0,100,100,100,,0.03,0.08,10.3842,5.35,27.18,-112.35,0,,,,,,,,,,,0,,,
,25-Apr-23,99.88,99.97,0.1,13473.14,782.26,100,0,8.67,,0,94.83,100,100,,0.02,0.21,25.9744,7.32,22.28,-113.24,0,,,,,,,,,,,0,,,
,26-Apr-23,100,99.92,0.04,16004.8,867.96,100,,9.47,,0,100,100,100,,0.02,0.03,21.8134,9.31,15.87,-113.15,,,,,,,,,,,,0,,,
,27-Apr-23,99.85,99.96,0.38,11073.84,440.88,99.77,0,8.46,,0,97.7,100,,,0,0.01,7.6109,1.73,12.98,-113.54,0,,,,,,,,,,,0,,,
,28-Apr-23,,,,,,,,,,,,,,,,,,,,,,,,,,,,,,,,,,,
CH_ZQ_T2_OM_BELLS6B_B,24-Apr-23,99.93,99.94,0.07,11922.25,451.69,100,0,8.32,,0,97.6,93.84,100,,0.07,0.05,20.3536,3.51,42.48,-111.68,0,,,,,,,,,,,0,,,
,25-Apr-23,99.97,99.79,0.09,8617.2,589.3,100,0,7.99,,3.57,98.62,100,100,,0.04,0.08,40.0822,10.9,43.58,-112.89,0,,,,,,,,,,,0,,,
,26-Apr-23,100,99.92,0.11,9009.31,317.4,100,0,8.01,,0,98.92,100,100,,0.04,0.61,46.1351,7.55,56.95,-112.16,0,,,,,,,,,,,0,,,
,27-Apr-23,100,100,0.06,12757.62,796.2,100,0,8.51,,0,98.86,100,100,,0.13,0.02,17.8753,3.04,25.92,-112.68,0,,,,,,,,,,,0,,,
,28-Apr-23,,,,,,,,,,,,,,,,,,,,,,,,,,,,,,,,,,,
CH_ZQ_T2_OM_BELLS6C_C,24-Apr-23,99.93,99.98,0.22,7503.2,451.6,99.22,0,7.53,,0,99.45,100,100,,0.03,0.18,25.1875,5.85,62.69,-110.84,0,,,,,,,,,,,0,,,
,25-Apr-23,100,99.95,0.03,6384.71,452.34,99.36,0,7.67,,0,99.5,100,100,,0.19,0.06,62.0291,12.44,67.98,-111.31,0,,,,,,,,,,,0,,,
,26-Apr-23,99.94,99.97,0.38,7609.5,328.84,99.44,0,7.63,,0,98,99.32,100,,0.26,1.22,60.8554,13.95,56.48,-111.07,0,,,,,,,,,,,0,,,
,27-Apr-23,99.97,99.86,0.31,7637.69,421.94,100,0,8.09,,0,98.05,100,100,,0.21,0.08,26.7296,5.61,49.23,-111.05,0,,,,,,,,,,,0,,,
,28-Apr-23,,,,,,,,,,,,,,,,,,,,,,,,,,,,,,,,,,,
CH_ZQ_T2_OM_BHAR19A_A,24-Apr-23,100,99.89,0.01,3727.65,801.87,99.89,0,6.83,,0,98.92,100,100,,0.84,0.5,55.3835,0.8,73.71,-106.63,0,,,,,,,,,,,0,,,
,25-Apr-23,100,99.92,0.02,4142.26,439.28,99.71,0,6.29,,0,100,100,,,0.89,0.01,49.2529,0.93,69.51,-106.75,0,,,,,,,,,,,0,,,
,26-Apr-23,100,99.85,0.02,3403.02,426.08,99.78,0,6.37,,0,99.78,100,100,,0.11,0.15,45.9634,0.68,72.59,-106.79,0,,,,,,,,,,,0,,,
,27-Apr-23,99.86,99.92,0,6600.78,501.47,100,0,6.57,,0,99.7,99.29,100,,0.04,0,57.8152,0.76,56.51,-105.88,0,,,,,,,,,,,0,,,
,28-Apr-23,99.83,99.89,0,3567.96,246,100,,6.02,,0,99.72,100,100,,0.09,0.02,53.6554,0.71,71.28,-105.76,,,,,,,,,,,,0,,,
CH_ZQ_T2_OM_BHAR19B_B,24-Apr-23,99.98,99.97,0,3984.98,626.75,99.6,0,8.03,,0,99.75,100,100,,0.02,0.03,89.1615,2.32,86.79,-108.45,0,,,,,,,,,,,0,,,
,25-Apr-23,100,100,0,5055.91,550.92,100,0,8.27,,0,100,100,100,100,0.04,0.02,74.0783,3.52,82.64,-108.46,0,,,,,,,,,,,2,,,
,26-Apr-23,99.91,99.97,0,4384.14,659.28,100,,8.3,,0,100,100,100,100,0.05,0.04,72.9689,1.91,80.4,-108.42,,,,,,,,,,,,3,,,
,27-Apr-23,100,99.9,0,5239.85,830.69,99.8,0,8.13,,0,100,100,100,,0.01,0.03,80.9322,3.69,81.55,-108.15,0,,,,,,,,,,,0,,,
,28-Apr-23,99.94,99.97,0,6116.59,456.86,99.77,,8.06,,0,100,100,,,0.01,0.02,76.3137,2.04,73.11,-108.32,,,,,,,,,,,,0,,,
CH_ZQ_T2_OM_BHAR19C_C,24-Apr-23,99.95,99.95,0.03,7738.57,1066.41,99.46,0,7.95,,0,100,100,100,,0.15,0,79.7265,0.81,67,-111.82,0,,,,,,,,,,,0,,,
,25-Apr-23,99.97,99.91,0.01,5704.75,2225.41,99.6,0,7.66,,0,100,100,100,,0.01,0.05,76.8197,0.91,67.15,-112.17,0,,,,,,,,,,,0,,,
,26-Apr-23,99.92,100,0.02,5309.12,800.71,99.89,0,7.34,,0,99.53,100,100,,0.02,0.01,69.7884,0.76,67.32,-111.3,0,,,,,,,,,,,0,,,
,27-Apr-23,99.88,99.9,0.02,6770.34,649.64,99.32,0,7.34,,0,99.84,100,100,,0.6,0.17,73.046,0.74,75.92,-111.73,0,,,,,,,,,,,0,,,
,28-Apr-23,99.97,99.99,0.04,5990.53,1093.66,99.7,0,7.63,,0,100,100,100,,0.01,0.01,79.1974,1.33,68.37,-111.4,0,,,,,,,,,,,0,,,
CH_ZQ_T2_OM_BHAR19C_N,24-Apr-23,100,99.94,0,5541.42,962.19,99.65,0,8.4,,0,99.78,100,100,,0.02,0.07,126.5336,3.51,86.21,-111.43,0,,,,,,,,,,,0,,,
,25-Apr-23,99.99,99.91,0.02,5285.99,999.05,99.87,0,8.38,,0,99.72,100,100,,0.05,0,118.0315,7.03,79.71,-111.78,0,,,,,,,,,,,0,,,
,26-Apr-23,99.99,99.94,0.02,5943.66,1047.53,99.79,0,8.43,,0,99.82,100,100,,0.01,0.01,107.4739,3.49,79.14,-111.01,0,,,,,,,,,,,0,,,
,27-Apr-23,99.97,99.94,0,6958.1,1011.03,99.21,0,8.61,,0,99.78,100,100,,0.05,0.04,117.2804,4.74,70.29,-111.25,0,,,,,,,,,,,0,,,
,28-Apr-23,100,99.95,0,4144.2,848.87,99.87,0,7.52,,0,99.61,100,100,,0.03,0.2,93.8874,3.76,84.81,-111.2,0,,,,,,,,,,,0,,,
CH_ZQ_T2_OM_BHAR19D_D,24-Apr-23,99.98,99.96,0,3294.21,519.02,99.93,0,6.45,,0,100,100,100,,0.47,0.17,50.5289,0.82,75.09,-108.8,0,,,,,,,,,,,0,,,
,25-Apr-23,100,100,0,3078.31,443.55,100,0,6.26,,0,99.79,100,100,,0.11,0.01,50.6803,1.15,74.85,-109.12,0,,,,,,,,,,,0,,,
,26-Apr-23,99.94,99.84,0.02,3656.46,531.08,99.6,,6.54,,0,100,100,100,,0.04,0.1,51.0002,0.76,64.07,-109.05,,,,,,,,,,,,0,,,
,27-Apr-23,100,99.93,0,3591.02,619.83,99.87,0,6.22,,0,99.51,99.33,87.5,,0.05,0.13,53.0445,1.09,75.87,-108.32,0,,,,,,,,,,,0,,,
,28-Apr-23,100,99.82,0.04,2717.51,279.81,99.93,0,6.35,,0,99.8,100,100,,0.13,0.07,56.5328,0.94,82.12,-108.44,0,,,,,,,,,,,0,,,
CH_ZQ_T2_OM_CWM226A_A,24-Apr-23,,,,,,,,,,,,,,,,,0,0,,,,,,,,,,,,,,0,,,
,25-Apr-23,,,,,,,,,,,,,,,,,0,0,,,,,,,,,,,,,,0,,,
,26-Apr-23,,,,,,,,,,,,,,,,,0,0,,,,,,,,,,,,,,0,,,
,27-Apr-23,,,,,,,,,,,,,,,,,0,0,,,,,,,,,,,,,,0,,,
,28-Apr-23,,,,,,,,,,,,,,,,,0,0,,,,,,,,,,,,,,0,,,
CH_ZQ_T2_OM_CWM226B_B,24-Apr-23,,,,,,,,,,,,,,,,,0,0,,,,,,,,,,,,,,0,,,
,25-Apr-23,,,,,,,,,,,,,,,,,0,0,,,,,,,,,,,,,,0,,,
,26-Apr-23,,,,,,,,,,,,,,,,,0,0,,,,,,,,,,,,,,0,,,
,27-Apr-23,,,,,,,,,,,,,,,,,0,0,,,,,,,,,,,,,,0,,,
,28-Apr-23,,,,,,,,,,,,,,,,,0,0,,,,,,,,,,,,,,0,,,
CH_ZQ_T2_OM_CWM226C_C,24-Apr-23,,,,,,,,,,,,,,,,,0,0,,,,,,,,,,,,,,0,,,
,25-Apr-23,,,,,,,,,,,,,,,,,0,0,,,,,,,,,,,,,,0,,,
,26-Apr-23,,,,,,,,,,,,,,,,,0,0,,,,,,,,,,,,,,0,,,
,27-Apr-23,,,,,,,,,,,,,,,,,0,0,,,,,,,,,,,,,,0,,,
,28-Apr-23,,,,,,,,,,,,,,,,,0,0,,,,,,,,,,,,,,0,,,
CH_ZQ_T2_OM_MANI22A_A,24-Apr-23,100,99.81,0,5709.22,881.72,99.89,0,8.51,,0,93.89,100,100,,0.22,0.09,57.1535,1.31,62.08,-109.54,0,,,,,,,,,,,0,,,
,25-Apr-23,99.97,99.87,0.11,7257.85,773.85,99.81,0,8.42,,0,75.44,100,100,,0.19,0.28,52.9309,2.48,57.11,-109.09,0,,,,,,,,,,,0,,,
,26-Apr-23,99.97,99.78,0.09,7355.34,823.52,99.94,0,8.25,,0,96.99,100,91.67,100,0.16,0.06,58.5129,1.02,51.5,-108.9,0,,,,,,,,,,,2,,,
,27-Apr-23,100,99.98,0.01,8640.33,796.76,99.83,0,8.31,,0,92.03,100,100,,0.02,0.2,53.1374,1.17,55.91,-108.78,0,,,,,,,,,,,0,,,
,28-Apr-23,99.97,99.9,0.03,10622.88,1032.42,99.64,0,8.45,,0,94.61,100,100,100,0.35,0.08,56.548,1.15,44.2,-108.31,0,,,,,,,,,,,1,,,
CH_ZQ_T2_OM_MANI22B_B,24-Apr-23,100,100,0,6775.86,728.64,100,0,7.93,,0,100,100,100,,0.02,0,64.1357,1.66,69.48,-112.73,0,,,,,,,,,,,0,,,
,25-Apr-23,100,99.85,0,7586.8,954.25,99.87,0,7.83,,0,99.75,100,,,0.1,0,79.7921,2.9,60.58,-112.69,0,,,,,,,,,,,0,,,
,26-Apr-23,100,99.89,0,5715.7,977.5,99.8,0,7.6,,0,100,100,100,,0.04,0.01,76.2409,2.9,76.46,-112.89,0,,,,,,,,,,,0,,,
,27-Apr-23,100,99.96,0,4819.84,913.06,100,0,7.05,,0,100,100,100,,0.02,0.02,78.0224,1.77,84.05,-112.78,0,,,,,,,,,,,0,,,
,28-Apr-23,100,99.91,0,4544.59,974.17,99.78,0,7.48,,0,100,100,100,,0.05,0,81.7086,1.99,82.3,-112.57,0,,,,,,,,,,,0,,,
CH_ZQ_T2_OM_MANI22C_C,24-Apr-23,99.99,99.98,0.03,2950.55,1157.79,99.91,0,8.05,,0,99.88,100,100,,0.03,0,132.6591,3.12,94.68,-110.38,0,,,,,,,,,,,0,,,
,25-Apr-23,100,99.95,0.02,3620.58,984.36,100,0,8.27,,0,100,100,,,0.16,0.33,122.3349,3.13,94.38,-109.94,0,,,,,,,,,,,0,,,
,26-Apr-23,99.98,99.95,0,3556.93,791.69,99.85,0,8.32,,0,99.85,100,100,,0.05,0.12,135.4756,3.69,91.82,-109.57,0,,,,,,,,,,,0,,,
,27-Apr-23,99.98,99.75,0.01,3405.78,896.2,99.81,0,8.05,,0,99.88,100,100,,0.05,0.04,138.1335,3.45,96.76,-109.65,0,,,,,,,,,,,0,,,
,28-Apr-23,100,99.96,0,3704.3,586.76,99.84,0,8.18,,0,99.86,100,100,,0.03,0.02,151.0682,2.63,95.28,-108.88,0,,,,,,,,,,,0,,,
CH_ZQ_T2_OM_MANI22D_D,24-Apr-23,100,100,0,9061.68,852.5,99.76,0,8.33,,0,100,100,100,,0,0,48.5003,1.32,47.96,-113.28,0,,,,,,,,,,,0,,,
,25-Apr-23,100,99.82,0,8782.41,851.43,100,0,8.29,,14.29,98.33,100,100,,0.07,0.01,41.3452,0.9,37.93,-112.73,0,,,,,,,,,,,0,,,
,26-Apr-23,100,100,0,8985.56,2048.98,99.79,0,8.05,,0,99.08,100,100,,0.03,0,36.7765,0.74,44.58,-112.39,0,,,,,,,,,,,0,,,
,27-Apr-23,99.95,100,0.08,11939.47,880.35,100,0,8.65,,2.63,100,100,100,,0.05,0.03,32.5043,0.76,28.44,-111.82,0,,,,,,,,,,,0,,,
,28-Apr-23,100,99.91,0,7521.5,528.67,100,0,7.94,,0,99.17,99.31,100,,0.01,0.02,39.1876,1.25,46.1,-111.43,0,,,,,,,,,,,0,,,
CH_ZQ_T2_OM_PATT30A_A,24-Apr-23,100,100,0,14693.91,902.45,99.52,0,8.63,,0,100,100,100,,0.01,0.01,68.2266,6.38,58.14,-113.04,0,,,,,,,,,,,0,,,
,25-Apr-23,99.98,99.95,0.01,14950.93,934.17,100,0,8.43,,0,99.6,100,100,,0.25,0.01,87.8004,7.82,54.45,-112.88,0,,,,,,,,,,,0,,,
,26-Apr-23,100,99.94,0,12010.67,790.19,99.63,0,9.01,,0,99.72,100,100,,0,0.01,92.977,8.92,59.58,-112.7,0,,,,,,,,,,,0,,,
,27-Apr-23,100,99.97,0,8564.65,814.43,100,0,8.51,,0,100,100,100,,0.01,0.01,108.3808,11.12,69.06,-112.55,0,,,,,,,,,,,0,,,
,28-Apr-23,99.97,99.99,0,9784.66,814.01,100,0,8.49,,0,99.88,100,100,,0,0,105.5634,9.38,54.56,-112.49,0,,,,,,,,,,,0,,,
CH_ZQ_T2_OM_PATT30B_B,24-Apr-23,99.93,99.72,0.01,2708.32,364.74,97.97,0,7.22,,0,94.47,99.84,98.57,,0.06,0.1,177.8789,15.84,98.46,-109.28,0,,,,,,,,,,,0,,,
,25-Apr-23,99.98,99.85,0.02,2419.89,543.58,98.82,0,7.5,,0,99.57,99.77,100,,0.11,0.08,170.7517,13.57,98.53,-109.21,0,,,,,,,,,,,0,,,
,26-Apr-23,99.96,99.91,0.01,3253.04,408.33,99.11,0,7.4,,0,99.85,100,100,,0.06,0.13,161.9753,13.46,95.76,-108.14,0,,,,,,,,,,,0,,,
,27-Apr-23,99.94,99.79,0,2211.78,495.16,99.31,0,7.22,,0,99.72,99.8,100,100,0.05,0.24,162.6749,14.14,99.17,-109.17,0,,,,,,,,,,,1,,,
,28-Apr-23,99.93,99.84,0.02,2916.59,458.55,99.63,0,7.19,,0,99.19,100,100,100,0.07,0.35,161.4226,14.6,96.86,-107.95,0,,,,,,,,,,,1,,,
CH_ZQ_T2_OM_PATT30B_M,24-Apr-23,100,100,0,19193.94,1006.06,100,0,8.46,,0,100,100,100,,0.01,0.02,23.4973,2.83,36.98,-113.81,0,,,,,,,,,,,0,,,
,25-Apr-23,100,100,0,10469.52,646.54,100,0,7.32,,0,100,100,100,,0.03,0,26.9448,1.96,32.92,-114,0,,,,,,,,,,,0,,,
,26-Apr-23,100,100,0,11249.51,795.15,100,0,6.95,,0,100,100,100,,0.02,0.07,19.1999,2.58,44.97,-113.99,0,,,,,,,,,,,0,,,
,27-Apr-23,100,99.77,0,7200.93,1948.98,100,0,6.98,,0,100,100,100,,0,0.04,19.0728,3.25,38.64,-114.01,0,,,,,,,,,,,0,,,
,28-Apr-23,100,100,0,7172.13,1423.54,100,0,6.8,,0,99.3,100,100,,0.01,0,19.8072,2.11,41.95,-113.84,0,,,,,,,,,,,0,,,
CH_ZQ_T2_OM_PATT30C_C,24-Apr-23,99.92,99.63,0.03,3330.28,928.65,99.61,0,6.96,,0,98.51,100,100,100,0.06,0.02,83.7564,9.15,67.08,-109.95,0,,,,,,,,,,,1,,,
,25-Apr-23,99.96,99.75,0.03,5541.91,754.97,99.48,0,7.41,,0,99.61,99.52,100,,0.04,0.08,103.0532,9.76,70.15,-109.95,0,,,,,,,,,,,0,,,
,26-Apr-23,99.87,99.33,0,3583.62,536.83,99.87,0,6.8,,0,99.79,100,100,,0.02,0.02,96.9415,9.7,67.63,-109.44,0,,,,,,,,,,,0,,,
,27-Apr-23,99.98,99.9,0.02,4023.47,642.2,99.8,0,6.82,,0,99.82,100,100,,0.07,0.02,92.3742,9.07,88.27,-109.61,0,,,,,,,,,,,0,,,
,28-Apr-23,99.9,99.38,0.03,5517.36,353.23,99.77,0,7.12,,0,100,100,100,,0.04,0.01,93.9957,9.79,80.46,-109.01,0,,,,,,,,,,,0,,,
CH_ZQ_T2_OM_PATT30D_D,24-Apr-23,99.89,99.78,0.03,2127.62,360.19,97.6,0,6.85,,0,97.49,100,93.62,100,0.15,0.38,114.5805,10.84,71.76,-110.62,0,,,,,,,,,,,1,,,
,25-Apr-23,99.9,99.84,0.02,2409.79,170.07,99.36,0,6.47,,0,99.52,99.7,100,,0.09,0.09,115.4373,10.42,98.17,-110.41,0,,,,,,,,,,,0,,,
,26-Apr-23,99.94,99.93,0.01,2193.07,237.56,99.36,0,6.74,,0,99.63,100,100,,0.1,0.22,113.4687,10.82,74.16,-110.09,0,,,,,,,,,,,0,,,
,27-Apr-23,99.27,99.68,0.01,3700.97,215.12,99.73,0,6.78,,0,99.47,100,100,,0.14,0.03,114.5836,9.84,94.41,-109.9,0,,,,,,,,,,,0,,,
,28-Apr-23,99.62,99.35,0.03,4022.71,96.77,99.14,0,6.88,,2.56,99.55,100,100,,0.28,0.34,111.5144,10.36,87.93,-109.42,0,,,,,,,,,,,0,,,
CH_ZQ_T2_OM_VALU12A_A,24-Apr-23,99.97,99.94,0.03,5740.09,965.32,99.94,0,8.2,,0,99.57,100,100,,0.04,0.03,66.2818,7.13,64.19,-111.49,0,,,,,,,,,,,0,,,
,25-Apr-23,99.95,99.9,0.03,3643.91,837.78,99.55,0,7.69,,0,99.86,100,100,,0.04,0.02,81.0464,10.03,80.59,-110.8,0,,,,,,,,,,,0,,,
,26-Apr-23,100,99.97,0,7507.13,727.9,99.71,0,7.88,,0,99.09,100,100,,0.06,0.06,84.983,8.31,61.67,-110.56,0,,,,,,,,,,,0,,,
,27-Apr-23,99.95,99.9,0.03,4577.43,625.57,99.89,0,8.04,,0,99.49,100,100,,0.09,0.02,75.8461,12.51,73.27,-110.05,0,,,,,,,,,,,0,,,
,28-Apr-23,99.96,99.96,0.01,4500.23,614.53,100,0,7.64,,0,99.48,100,100,,0.05,0.24,73.4523,7.66,76.04,-109.41,0,,,,,,,,,,,0,,,
CH_ZQ_T2_OM_VALU12B_B,24-Apr-23,99.87,99.86,0,8666.05,2504.89,99.89,0,7.55,,0,99.73,99.76,100,,0.02,0.03,47.4354,14.85,41.91,-110.95,0,,,,,,,,,,,0,,,
,25-Apr-23,99.98,99.9,0.03,5765.2,615.73,99.91,0,7.46,,0,99.15,99.85,100,,0.05,0.02,56.4118,25.34,63.8,-110.7,0,,,,,,,,,,,0,,,
,26-Apr-23,99.93,99.93,0.04,8677.93,2707.65,99.23,0,7.71,,0,99.19,100,100,,0.01,0.01,60.3419,28.47,55.32,-110.44,0,,,,,,,,,,,0,,,
,27-Apr-23,99.91,99.95,0.03,4917.82,1295.04,99.96,0,7.28,,0,98.91,99.83,100,,0.01,0.04,65.5968,22.24,72.18,-109.58,0,,,,,,,,,,,0,,,
,28-Apr-23,99.94,99.95,0.04,5864.93,1085.43,99.85,0,7.55,,0,99.06,100,100,,0.02,0.03,53.4222,17.96,51.47,-109.48,0,,,,,,,,,,,0,,,
CH_ZQ_T2_OM_VALU12C_C,24-Apr-23,100,100,0,14064.19,1092.38,100,0,9.28,,0,96.1,100,100,,0.02,0.05,60.3386,3.51,43.03,-111.88,0,,,,,,,,,,,0,,,
,25-Apr-23,99.93,99.96,0,10378.65,1383.49,100,0,8.77,,0,99.28,100,100,,0.02,0.01,59.5904,3.89,51.52,-111.71,0,,,,,,,,,,,0,,,
,26-Apr-23,99.97,99.98,0.02,8831.34,747.49,99.77,0,7.98,,0,97.82,100,100,,0.02,0.09,53.2853,4.49,43.33,-110.99,0,,,,,,,,,,,0,,,
,27-Apr-23,99.97,99.9,0.01,7249.86,696.58,99.76,0,7.87,,0,99.44,100,100,,0.02,0.32,55.0325,5.03,48.76,-110.95,0,,,,,,,,,,,0,,,
,28-Apr-23,99.99,99.97,0.01,9514.09,991.77,99.9,0,7.76,,0,99.65,100,100,,0.07,0.09,52.1943,4.01,40.5,-110.31,0,,,,,,,,,,,0,,,
CH_ZQ_T2_OM_VALU12D_D,24-Apr-23,99.98,99.96,0.01,8993.32,993.59,99.96,0,8.92,,0,99.4,100,100,,0.09,0.02,76.2675,5.19,55.57,-110.61,0,,,,,,,,,,,0,,,
,25-Apr-23,99.97,99.93,0.01,8778.18,994.99,99.74,0,8.82,,0,98.14,100,100,,0.03,0.47,89.1725,5.01,64.45,-110.12,0,,,,,,,,,,,0,,,
,26-Apr-23,99.97,99.96,0,8365.5,798.6,99.87,0,9.04,,0,98.56,99.31,100,,1.7,0.12,90.8151,6.83,63.46,-109.96,0,,,,,,,,,,,0,,,
,27-Apr-23,99.98,99.95,0.02,6212.97,1056.96,99.97,0,8.86,,0,99.64,99.72,100,,0.01,0.04,95.4608,6.74,75.22,-109.43,0,,,,,,,,,,,0,,,
,28-Apr-23,99.92,99.95,0.01,8185.8,815.97,99.9,0,8.83,,0,98.67,100,100,,0.07,0.09,86.698,6.1,64.1,-109,0,,,,,,,,,,,0,,,
